Ticker,Name
,
INDUSTRIES,
IEO,iShares U.S. Oil & Gas ETF
XOP,SPDR S&P Oil & Gas ETF
IEZ,iShares U.S. Oil ETF
XES,SPDR S&P Oil & Gas ETF
IHE,iShares U.S. Pharma ETF
REM,iShares Mortgage REIT ETF
IDU,iShares U.S. Utilities ETF
IHF,iShares U.S. Healthcare ETF
BMED,iShares Health Innovate ETF
XHS,SPDR Health Care ETF
REZ,iShares Residential Real Estate ETF
IAT,iShares U.S. Regional Banks ETF
IDNA,iShares Genomics ETF
IYZ,iShares U.S. Telecom ETF
IAK,iShares U.S. Insurance ETF
IBB,iShares Biotech ETF
IHI,iShares U.S. Med Devices ETF
IBRN,iShares Neuroscience ETF
RWR,SPDR Dow REIT ETF
KIE,SPDR S&P Ins ETF
XPH,SPDR S&P Pharma ETF
IFRA,iShares U.S. Infra ETF
ESPO,VanEck Video Gaming ETF
IYT,iShares U.S. Trans ETF
EFRA,iShares Environmental ETF
ICLN,iShares Global Clean Energy ETF
RTH,VanEck Retail ETF
MVAL,VanEck Wide Moat ETF
MAGC,Roundhill China Dragons ETF
XTN,SPDR S&P Trans ETF
KRE,SPDR S&P Regional Bank ETF
IYG,iShares U.S. Financial ETF
XHE,SPDR Health Care ETF
KBE,SPDR S&P Bank ETF
XBI,SPDR S&P Biotech ETF
IDEF,BlackRock ETF Trust - iShares Defense Industrials Active ETF
IDGT,iShares U.S. Digital Infra ETF
ISTM,iShares Transition Metals ETF
MOTG,VanEck Global Moat ETF
XTL,SPDR S&P Telecom ETF
XRT,SPDR S&P Retail ETF
ILIT,iShares Lithium ETF
SMOT,VanEck SMID Moat ETF
UFO,Procure Space ETF
XT,iShares Exponential Tech ETF
MOAT,VanEck Wide Moat ETF
IHAK,iShares Cyber Tech ETF
WOOD,iShares Global Timber ETF
SLX,VanEck Steel ETF
XAR,SPDR Aerospace & Defense ETF
IAI,iShares U.S. Broker-Dealers ETF
ITB,iShares U.S. Home ETF
IDRV,iShares Self-Driving ETF
ITA,iShares U.S. Aerospace & Defense ETF
KCE,SPDR S&P Cap Mkts ETF
PICK,iShares Global Metals & Mining ETF
XHB,SPDR Homebuilders ETF
XSW,SPDR S&P Software ETF
MAGS,Roundhill Magnificent Seven ETF
IGV,iShares Tech-Software ETF
XME,SPDR S&P Metals ETF
MADE,iShares U.S. Manufacturing ETF
IVRS,iShares Metaverse Tech ETF
REMX,VanEck Rare Earth ETF
TECB,iShares U.S. Tech ETF
HUMN,Roundhill ETF Trust - Roundhill Humanoid Robotics ETF
IGM,iShares Tech Sector ETF
SMHX,VanEck Fabless ETF
IBOT,VanEck Robotics ETF
NLR,VanEck Uranium ETF
UX,Listed Funds Trust - Roundhill Physical Uranium ETF
XNTK,SPDR Tech ETF
ARKK,ARK Innovation ETF
BUZZ,VanEck Social ETF
SMH,VanEck Semi ETF
CABZ,Roundhill ETF Trust - Roundhill Robotaxi Autonomous Vehicles & Technology ETF
ICOP,iShares Copper ETF
ARKX,ARK Space ETF
XSD,SPDR S&P Semi ETF
ARTY,iShares Future AI ETF
CHAT,Tidal AI Tech ETF
SOXX,iShares Semiconductor ETF
IBLC,iShares Blockchain ETF
BAI,iShares A.I. Tech ETF
NODE,Vaneck Funds - Onchain Economy Etf
MEME,Roundhill ETF Trust - Roundhill Daily 2X Long China Dragons ETF
DRAM,Roundhill ETF Trust - Roundhill Memory ETF
RING,iShares Gold Miners ETF
SLVP,iShares Global Silver Miners ETF
LITP,
HYDR,
,
,
,
EQUAL WEIGHT - SECTOR,
RSPC,
RSPD,
RSPS,
RSPG,
RSPH,
RSPF,
RSPN,
RSPT,
RSPM,
RSPR,
RSPU,
,
SPDR - SECTOR,
XLC,
XLY,
XLP,
XLE,
XLV,
XLF,
XLI,
XLK,
XLB,
XLRE,
XLU,
,
VANGUARD SECTOR,
VOX,
VCR,
VDC,
VDE,
VFH,
VHT,
VIS,
VGT,
VAW,
VNQ,
VPU,
,
DORSEY (MOMENTUM) - SECTOR,
PYZ,
PXI,
PUI,
PTH,
PTF,
PSP,
PSL,
PSI,
PRN,
PFI,
PEZ,
,
FACTORS,
IWF,GROWTH
IWD,VALUE
MTUM,MOMENTUM
USMV,LOW VOLATILITY
VYM,HIGH DIVIDEND YIELD
IJR,SMALL CAPS
GARP,GOOD ASSETS REASONABLE PRICE
QUAL,QUALITY
IUS,VALUE
WLDR,WORLD LEADERS
QMOM,SYSTEMATIC MOMENTUM
IMOM,SYSTEMATIC MOMENTUM
BTAL,LONG LOW BETA + SHORT HIGH BETA
SPHQ,QUALITY
VFLO,FUNDAMENTAL WEIGHTED (CASH FLOW)
GFLW,FUNDAMENTAL WEIGHTED (CASH FLOW GROWTH)
GQGU,ACTIVE DISCRETIONARY
,
BROAD MARKETS,
SPY,
QQQ,
IWM,
DIA,
EFA,
EEM,
GLD,
SLV,
IEI,
IEF,
TLT,
IBIT,
ETHA,
,
OTHERS,
XLE,Energy SPDR ETF
CTA,Simplify Managed Futures ETF
PDBC,Invesco Optimum Yield Commodity ETF
HARD,Simplify Commodities ETF
XLV,Health Care SPDR ETF
FOXY,Simplify Exchange Traded Funds - Simplify Currency Strategy ETF
IVLU,iShares Intl Value ETF
EFA,iShares EAFE ETF
XLP,Consumer Staples SPDR ETF
XLU,Utilities SPDR ETF
DBMF,iMGP Managed Futures ETF
SVAL,iShares US Small Cap Value ETF
SCHD,Schwab U.S. Dividend ETF
RSBT,Tidal Trust II - Stacked Bonds ETF
XLRE,Real Estate SPDR ETF
XLC,Communication Services SPDR ETF
QUAL,iShares USA Quality ETF
XLF,Financial SPDR ETF
IUS,Invesco RAFI US ETF
VFLO,VictoryShares FCF ETF
CIBR,First Trust NASDAQ Cyber ETF
SMLF,iShares U.S. Small-Cap Factor ETF
EVLU,iShares MSCI EM Value ETF
XLB,Materials SPDR ETF
XLI,Industrial SPDR ETF
JEPQ,JPM Nasdaq Equity ETF
SPHQ,Invesco S&P 500 Quality ETF
WLDR,Affinity World Leaders ETF
IGV,iShares Tech-Software ETF
XLY,Consumer Discretionary SPDR ETF
GFLW,Victory Portfolios II - Victoryshares Free Cash Flow Growth ETF
VUG,Vanguard Growth ETF
EEM,iShares MSCI EM ETF
GARP,iShares USA Quality ETF
VGT,Vanguard Tech ETF
IGM,iShares Tech Sector ETF
XLK,Tech Sector SPDR ETF
HF,Tidal DGA Core Plus ETF
ASMF,Virtus AlphaSimplex Futures ETF
IMF,Invesco Actively Managed Exchange-Traded Fund Trust - Invesco Managed Futures ETF
ISMF,Blackrock ETF Trust - Ishares Managed Futures Active ETF
,
COMMODITY + INFLATION BETA + LONG ONLY + AUM + ALPHA,
HARD,Simplify Commodities ETF
COM,Direxion Broad Commodity ETF
FTGC,First Trust Global Tactical Commodity ETF
PDBC,Invesco Optimum Yield Commodity ETF
CORE CTA + TREND BETA + AUM + LOW BETA,
KMLM,KraneShares Mount Lucas Futures ETF
FMF,First Trust Managed Futures ETF
WTMF,WisdomTree Managed Futures ETF
DBMF,iMGP Managed Futures ETF
AHLT,American Beacon AHL Trend ETF
SDMF,Simplify Exchange Traded Funds - Simplify DBI CTA MF Index ETF
"CORE CTA + LONG VOL + CRISIS ALPHA + AUM + LOW BETA + ""HEDGE THAT PAYS""",
TAIL,Cambria Tail ETF
CTA,Simplify Managed Futures ETF
PORTABLE ALPHA + STRUCUTRAL CTA,
RSBT,Tidal Trust II - Stacked Bonds ETF
GMOM,Cambria Global Momentum ETF
MAN GROUP,
MEMA,Man ETF Series Trust - Man Active Emerging Markets Alternative ETF
MHY,Man ETF Series Trust - Man Active High Yield ETF
MANI,Man ETF Series Trust - Man Active Income ETF
MATE,Man ETF Series Trust - Man Active Trend Enhanced ETF
CURRENCY + EMERGING CARRY + G10 REVERSION,
FOXY,Simplify Exchange Traded Funds - Simplify Currency Strategy ETF
INTEREST RATES,
PFIX,Simplify Interest Hedge ETF
DIVERSIFIED EQUITIES,
WLDR,Affinity World Leaders ETF
MOMENTUM,
QMOM,Alpha Architect U.S. Momentum ETF
IMOM,Alpha Architect Int'l Momentum ETF
HEDGE FUND / LONG SHORT / ROTATION,
QAI,NYLI Hedge Multi-Strategy ETF
RISK PARITY,
RPAR,RPAR ETF
MULTI ASSET SYSTEMATIC,
IALT,Blackrock ETF Trust - iShares Systematic Alternatives Active ETF
LOW BETA / LONG LOW BETA + SHORT HIGH BETA,
BTAL,AGF U.S. Market Neutral Fund
,
SYSTEMATIC TREND,
KMLM,KraneShares Mount Lucas Futures ETF
IMF,Invesco Actively Managed Exchange-Traded Fund Trust - Invesco Managed Futures ETF
FMF,First Trust Managed Futures ETF
CTA,Simplify Managed Futures ETF
WTMF,WisdomTree Managed Futures ETF
ISMF,Blackrock ETF Trust - Ishares Managed Futures Active ETF
DBMF,iMGP Managed Futures ETF
ASMF,Virtus AlphaSimplex Futures ETF
AHLT,American Beacon AHL Trend ETF
MFUT,Tidal Cambria Trend ETF
TFPN,Tidal Blueprint ETF
TFFI,Tidal Trust II - Chesapeake Trend-Following Fixed Income ETF
FFUT,Fidelity Greenwood Street Trust - Managed Futures ETF
HOLD,Harbor ETF Trust - Harbor Alpha Layering ETF
SDMF,Simplify Exchange Traded Funds - Simplify DBI CTA MF Index ETF
HFMF,Tidal Etf Trust - Unlimited Hfmf Managed Futures Return Tracker Etf
,
MARKET NEUTRAL,
BTAL,AGF U.S. Market Neutral Fund
MKTN,Federated Hermes ETF Trust - Federated Hermes MDT Market Neutral ETF
XBOX,Roundhill ETF Trust - Roundhill Ultra Short Duration No Dividend Target ETF
,
LONG/SHORT EQUITY,
CLSE,Pro Managers Convergence ETF
EMPB,EA Series Trust - Efficient Market Portfolio Plus ETF
EHLS,Tidal Trust II - Even Herd ETF
FTLS,First Trust Long/Short ETF
ORR,EA Series Trust - Militia Long/Short Equity ETF
LSEQ,Harbor Long-Short ETF
CLIX,ProShares Long/Short Retail ETF
LBAY,Leatherback Long/Short Yield ETF
FFLS,Future Fund Long/Short ETF
HFSP,Tidal Trust III - TradersAI Large Cap ETF
ATTR,EA Series Trust - Arin Tactical Tail Risk ETF
AINT,Tidal ETF Trust - FINQ DOLLAR NEUTRAL U.S. Large Cap AI-Managed Equity ETF
HELS,ETF Opportunities Trust - Hedgeye 130/30 Equity ETF
HEFT,ETF Opportunities Trust - Hedgeye Fourth Turning ETF
BFLX,BlackRock ETF Trust - iShares Flexible Equity Active ETF
MDAA,Series Portfolios Trust - Myriad Dynamic Asset Allocation ETF
NLSI,NEOS ETF Trust - NEOS Long/Short Equity Income ETF
TDAQ,ETF Opportunities Trust - TappAlpha Innovation 100 Growth & Daily Income ETF
HFEQ,Tidal Etf Trust - Unlimited Hfeq Equity Long/ Short Return Tracker Etf
WTLS,WisdomTree Trust - WisdomTree Efficient Long/Short US Equity Fund
,
GLOBAL MACRO SYSTEMATIC,
HFGM,Tidal Etf Trust - Unlimited Hfgm Global Macro Return Tracker Etf
ASGM,Virtus Etf Trust Ii - Virtus Alphasimplex Global Macro Etf
GEOA,WisdomTree Trust - WisdomTree GeoAlpha Opportunities Fund
,
ARBITRAGE,
CCEF,Calamos Income & Arbitrage ETF
CBOX,Calamos ETF Trust - Calamos Tax-Aware Collateral ETF
,
LONG LIST - TOTAL UNIVERSE,
BWET,Amplify Breakwave Tanker ETF
WGMI,Valkyrie Bitcoin Miners ETF
AMDY,Tidal YieldMax AMD ETF
EWY,iShares MSCI Korea ETF
PSI,Invesco Semiconductors ETF
FTXL,First Trust Nasdaq Semi ETF
AIS,Tidal Trust III - VistaShares Artificial Intelligence Supercycle ETF
CHPS,Xtrackers Semiconductor ETF
FLKR,Franklin FTSE Korea ETF
ARMH,Precidian ETFs Trust - Arm Holdings PLC ADRhedged
LITP,Sprott Lithium ETF
MKOR,Matthews Korea ETF
SOXX,iShares Semiconductor ETF
SOXQ,Invesco PHLX Semi ETF
HYDR,Global X Hydrogen ETF
XSD,SPDR S&P Semi ETF
EMEQ,Macquarie Focused EM Equity ETF
SOXY,Tidal Trust II - YieldMax Target 12 Semiconductor Option Income ETF
REMX,VanEck Rare Earth ETF
TEKX,SPDR Galaxy Tech ETF
SMH,VanEck Semi ETF
CHPY,Tidal Trust II - YieldMax Semiconductor Portfolio Option Income ETF
SHOC,Strive U.S. Semiconductor ETF
AIVC,Amplify AI Value ETF
MSOS,AdvisorShares Pure Cannabis ETF
LIT,Global X Lithium ETF
CHAT,Tidal AI Tech ETF
SMHX,VanEck Fabless ETF
IGPT,Invesco AI Software ETF
SETM,Sprott Critical Materials ETF
XTL,SPDR S&P Telecom ETF
TINY,ProShares Nanotech ETF
COPJ,Sprott Junior Copper ETF
COPX,Global X Copper ETF
IBAT,iShares Energy Storage ETF
SPRX,Spear Alpha ETF
BDRY,Amplify Dry Bulk ETF
PBW,Invesco Clean Energy ETF
CNXT,VanEck ChiNext ETF
FLTW,Franklin Taiwan Dividend ETF
PTF,Invesco Tech Momentum ETF
CARZ,First Trust Future Vehicles ETF
WTAI,WisdomTree AI Innovation Fund
COPP,Sprott Copper ETF
UFO,Procure Space ETF
SILJ,Amplify Junior Silver ETF
ARTY,iShares Future AI ETF
SLVR,Sprott Funds Trust - Silver Miners Etf
UFOX,Defiance Connective Tech ETF
ROKT,SPDR Kensho Final Frontiers ETF
ICOP,iShares Copper ETF
PSCT,Invesco S&P SmallCap Tech ETF
EWT,iShares Taiwan ETF
SLVP,iShares Global Silver Miners ETF
QCLN,First Trust NASDAQ Green Energy ETF
BAI,iShares A.I. Tech ETF
QQQA,ProShares Nasdaq-100 Momentum ETF
SIVR,abrdn Silver ETF
SLV,Silver Trust ETF
TRFK,Pacer Data Revolution ETF
FRDM,Freedom 100 Emerging Markets ETF
BATT,Amplify Lithium ETF
CNRG,SPDR Clean Power ETF
QTUM,Defiance Quantum ETF
AIFD,TCW AI ETF
FCUS,Tidal Pinnacle ETF
BKCH,Global X Blockchain ETF
KSTR,KraneShares SSE STAR 50 ETF
KNCT,Invesco Next Gen Connect ETF
XME,SPDR S&P Metals ETF
VLUE,iShares USA Value ETF
MINV,Matthews Asia Innovators ETF
EMDM,First Trust Emerging Market Democracies ETF
GOOY,Tidal YieldMax GOOGL ETF
AIA,iShares Asia 50
EPU,iShares MSCI Peru ETF
SIL,Global X Silver ETF
SGDJ,Sprott Junior Gold ETF
TAN,Invesco Solar ETF
TSMY,YieldMax TSM ETF
XES,SPDR S&P Oil & Gas ETF
STCE,Schwab Crypto ETF
PICK,iShares Global Metals & Mining ETF
DRIV,Global X Autonomous Vehicles ETF
CSD,Invesco S&P Spin-Off ETF
BOTT,Themes Robotics ETF
DARP,Tidal Grizzle Growth ETF
DTCR,Global X Data Center ETF
GTEK,Goldman Sachs Future Tech ETF
GEME,The 2023 ETF Series Trust - Pacific NoS Global EM Equity Active ETF
FPA,First Trust Asia Pacific AlphaDEX Fund
PXJ,Invesco Oil & Gas ETF
SLX,VanEck Steel ETF
OIH,VanEck Oil ETF
FWD,AB Disruptors ETF
THNQ,ROBO AI ETF
NXTG,First Trust NextG ETF
PBD,Invesco Global Clean Energy ETF
EMXC,iShares MSCI EM ex China ETF
GDMN,WisdomTree Gold Miners ETF
XNTK,SPDR Tech ETF
SPTE,SP Funds S&P Tech ETF
KOID,KraneShares Trust - KraneShares Asia Robotics and Artificial Intelligence Index ETF
IEZ,iShares U.S. Oil ETF
GOEX,Global X Gold ETF
SPHB,Invesco S&P 500 High Beta ETF
OPPJ,WisdomTree Japan SmallCap ETF
AIRR,First Trust RBA American Industrial ETF
XCEM,Columbia EM Core ETF
PATN,Pacer Nasdaq Patent Leaders ETF
LOUP,Innovator Deepwater Tech ETF
RING,iShares Gold Miners ETF
IXN,iShares Global Tech ETF
FAI,First Trust Exchange-Traded Fund II - First Trust Bloomberg Artificial Intelligence ETF
PIE,Invesco Dorsey Wright EM Momentum ETF
IBLC,iShares Blockchain ETF
BULD,Pacer BlueStar Engineering ETF
RSPT,Invesco S&P 500 Equal Weight Tech ETF
VOLT,Tema ETF Trust - Tema Electrification ETF
PRN,Invesco Dorsey Wright Industrials ETF
GBUG,Sprott Funds Trust - Sprott Active Gold & Silver Miners Etf
WAR,ETF Series Solutions - U.S. Global Technology and Aerospace & Defense ETF
UGA,US Gas Fund
COLO,Global X Colombia ETF
GDXJ,VanEck Junior Gold ETF
FMTM,EA Series Trust - MarketDesk Focused U.S. Momentum ETF
FRNW,Fidelity Clean Energy ETF
QTEC,First Trust NASDAQ-100 Tech ETF
XBI,SPDR S&P Biotech ETF
FFEM,Fidelity Covington Trust - Fidelity Fundamental Emerging Markets ETF
MGNR,AB GLG Natural Resources ETF
HSBH,Precidian HSBC Fund
ARKQ,ARK Autonomous Tech ETF
GDX,VanEck Gold Miners ETF
ICLN,iShares Global Clean Energy ETF
DEHP,Dimensional Emerging Markets ETF
AVXC,Avantis EM ex-China ETF
ALAI,Alger AI ETF
TTEQ,T. Rowe Price Tech ETF
AGIX,KraneShares AI Tech ETF
DEXC,Dimensional Emerging Markets ETF
FEMR,Fidelity Covington Trust - Fidelity Enhanced Emerging Markets ETF
USO,US Oil Fund
XAIX,DBX AI & Big Data ETF
ARKX,ARK Space ETF
XLK,Tech Sector SPDR ETF
AIQ,Global X AI & Tech ETF
RSHO,Tema Reshoring ETF
JEMA,JPM ActiveBuilders EM Equity ETF
DBEM,Xtrackers MSCI EM Hedged ETF
BITQ,Bitwise Crypto Innovators ETF
SEEM,SEI Emerging Markets ETF
FYC,First Trust Small Cap Growth ETF
WNTR,Tidal Trust II - YieldMax MSTR Short Option Income Strategy ETF
SGDM,Sprott Gold Miners ETF
IDGT,iShares U.S. Digital Infra ETF
DXJ,WisdomTree Japan Hedged Equity
HEEM,iShares Currency Hedged EM ETF
IWC,iShares Micro-Cap ETF
IYZ,iShares U.S. Telecom ETF
SLVO,ETRACS Silver Shares Covered Call ETNs due April 21 2033
IGM,iShares Tech Sector ETF
HEWJ,iShares MSCI Japan Hedged ETF
FTEC,Fidelity MSCI Tech ETF
DBJP,Xtrackers Japan Hedged ETF
EIS,iShares Israel ETF
IYW,iShares U.S. Tech ETF
FDTX,Fidelity Disruptive Tech ETF
FDT,First Trust Dev Mkts ex-US AlphaDEX Fund
NVII,REX ETF Trust - REX NVDA Covered Call ETF
VGT,Vanguard Tech ETF
BNO,Brent Oil ETF
FXZ,First Trust Materials ETF
IBOT,VanEck Robotics ETF
DFEV,Dimensional Emerging Markets ETF
BOAT,SonicShares Global Shipping ETF
HVAC,AdvisorShares Trust - AdvisorShares HVAC and Industrials ETF
FITE,SPDR Kensho Future Security ETF
CLSE,Pro Managers Convergence ETF
XTN,SPDR S&P Trans ETF
EGGY,Tidal Trust III - NestYield Dynamic Income ETF
URNJ,Sprott Junior Uranium ETF
RSST,Tidal Trust II - U.S. Stocks & Futures ETF
DAPP,VanEck Digital ETF
GNOM,Global X Genomics ETF
VPL,Vanguard FTSE Pacific ETF
COAL,Range Coal ETF
CRAK,VanEck Oil ETF
AAXJ,iShares Asia ex Japan ETF
FESM,Fidelity Enhanced Small Cap ETF
TRFM,AAM Transformers ETF
FPXI,First Trust Intl Equity ETF
AVEM,Avantis Emerging Markets ETF
UMMA,Wahed Islamic World ETF
XSOE,WisdomTree EM ex-SOE Fund
EEM,iShares MSCI EM ETF
ARKG,ARK Genomic ETF
EEMA,iShares MSCI EM Asia ETF
MADE,iShares U.S. Manufacturing ETF
MRNY,YieldMax MRNA ETF
DBO,Invesco DB Oil ETF
ROBO,ROBO Robotics ETF
GEM,Goldman Sachs ActiveBeta EM Equity ETF
EMGF,iShares EM Equity Factor ETF
GPTY,Tidal Trust II - YieldMax AI & Tech Portfolio Option Income ETF
ESGE,iShares ESG EM ETF
SPMO,Invesco S&P 500 Momentum ETF
CNEQ,Alger Concentrated Equity ETF
EWO,iShares MSCI Austria
GDE,WisdomTree Gold Plus Equity ETF
FLJH,Franklin Japan Hedged ETF
PSCE,Invesco S&P SmallCap Energy ETF
DFAE,Dimensional Emerging Equity ETF
IVES,Wedbush Series Trust - Dan IVES Wedbush AI Revolution ETF
ATFV,Alger 35 ETF
AVSE,Avantis Responsible EM Equity ETF
CPAI,Northern Lights Counterpoint Quantitative Equity ETF
FYX,First Trust Small Cap AlphaDEX Fund
FTXR,First Trust Nasdaq Trans ETF
PIT,VanEck Commodity ETF
MFEM,PIMCO RAFI EM Equity ETF
PWB,Invesco Large Cap Growth ETF
KBA,KraneShares MSCI China A 50 ETF
FDIG,Fidelity Crypto & Payments ETF
VFMO,Vanguard Momentum ETF
IEMG,iShares Core MSCI EM ETF
DFEM,Dimensional Emerging Markets ETF
ACES,ALPS Clean Energy ETF
XPH,SPDR S&P Pharma ETF
BSVO,EA Bridgeway Small-Cap Value ETF
GLTR,abrdn Precious Metals ETF
RZV,Invesco S&P SmallCap 600 Value ETF
QQQG,Pacer Nasdaq 100 Cash Cows ETF
GRID,First Trust Clean Edge Smart Grid ETF
MTUM,iShares USA Momentum ETF
EYLD,Cambria Emerging Yield ETF
BLCR,iShares Large Cap Active ETF
QQQJ,Invesco NASDAQ Next Gen ETF
ELFY,ALPS ETF Trust - ALPS Electrification Infrastructure ETF
QTOP,iShares Nasdaq 30 ETF
RPG,Invesco S&P 500 Growth ETF
XAR,SPDR Aerospace & Defense ETF
NANR,SPDR S&P Nat Resources ETF
GVAL,Cambria Global Value ETF
SEIV,SEI Enhanced Large Cap Value ETF
SCHA,Schwab U.S. Small-Cap ETF
SPWO,SP Funds S&P World (ex-US) ETF
VTWV,Vanguard Russell 2000 Value ETF
AVDV,Avantis Int'l Small Cap Value ETF
FPX,First Trust US Equity ETF
FXL,First Trust Tech AlphaDEX Fund
JIVE,JPM International Value ETF
THD,iShares Thailand ETF
IWN,iShares Russell 2000 Value ETF
QQMG,Invesco ESG NASDAQ 100 ETF
KBWB,Invesco KBW Bank ETF
FCLD,Fidelity Cloud ETF
AVSC,Avantis U.S. Small Cap ETF
ICVT,iShares Convertible ETF
ISRA,VanEck Israel ETF
FFSM,Fidelity Small-Mid Cap ETF
FNDF,Schwab Fundamental Intl Equity ETF
EQRR,ProShares Rising Rates ETF
PXF,Invesco FTSE RAFI Dev Mkts ex-U.S. ETF
SNSR,Global X IoT ETF
KQQQ,Kurv Tech Titans ETF
IHE,iShares U.S. Pharma ETF
VTWO,Vanguard Russell 2000 ETF
SAMT,Strategas Macro Opportunities ETF
BIBL,Inspire 100 ETF
AFK,VanEck Africa ETF
ADPV,Adaptiv Select ETF
FAN,First Trust Global Wind ETF
FFTY,Innovator IBD 50 ETF
ITWO,ProShares Russell 2000 High Income ETF
GREK,Global X Greece ETF
PSCI,Invesco S&P SmallCap Industrials ETF
URNM,Sprott Uranium ETF
PDP,Invesco Dorsey Wright Momentum ETF
IWM,iShares Russell 2000 ETF
GARP,iShares USA Quality ETF
URA,Global X Uranium ETF
WTRE,WisdomTree New Economy RE Fund
FDEM,Fidelity Emerging Markets ETF
NVDY,YieldMax NVDA ETF
QQQM,Invesco NASDAQ 100 ETF
CGXU,CapGroup Int'l Focus ETF
RWJ,Invesco S&P SmallCap 600 ETF
QQQ,QQQ Trust
AESR,Anfield U.S. Sector Rotation ETF
HCMT,Direxion HCM Tactical ETF
ILF,iShares Latin America 40 ETF
AVLV,Avantis U.S. Large Cap Value ETF
MSSM,Morgan Stanley Pathway Funds - Small-Mid Cap Equity ETF
AVUV,Avantis U.S. Small Cap Value ETF
TSME,Thrivent Small-Mid ESG ETF
TDIV,First Trust NASDAQ Tech Dividend ETF
PJP,Invesco Pharma ETF
TDI,Touchstone Dynamic Intl ETF
QDTE,Roundhill Innovation 100 ETF
GOAU,GO GOLD & Precious Metals ETF
IDEQ,Lazard Active ETF Trust - Lazard International Dynamic Equity ETF
DBB,Invesco DB Base Metals ETF
VIOV,Vanguard S&P 600 Value ETF
SLYV,SPDR S&P 600 Small Cap Value ETF
KOMP,SPDR Kensho New Economies ETF
VTWG,Vanguard Russell 2000 Growth ETF
XT,iShares Exponential Tech ETF
IWO,iShares Russell 2000 Growth
HLAL,Wahed Shariah ETF
AVGV,Avantis All Equity Value ETF
XSVM,Invesco S&P SmallCap Value Momentum ETF
IJS,iShares S&P 600 Value ETF
JVAL,JPM U.S. Value ETF
PAVE,Global X U.S. Infra ETF
TDVI,FT Vest Tech Dividend ETF
IDRV,iShares Self-Driving ETF
JTEK,JPM U.S. Tech ETF
JETS,Jets ETF
EFNL,iShares MSCI Finland
SEIM,SEI U.S. Large Cap Momentum ETF
BUZZ,VanEck Social ETF
FBT,First Trust Biotech ETF
GVIP,Goldman Sachs Hedge VIP ETF
AOTG,AOT Growth ETF
PKB,Invesco Building ETF
CORO,BlackRock ETF Trust - iShares International Country Rotation Active ETF
XMMO,Invesco S&P MidCap Momentum ETF
FTXH,First Trust Nasdaq Pharma ETF
SVAL,iShares US Small Cap Value ETF
SMMD,iShares Russell 2500 ETF
QQWZ,Pacer Funds Trust - Pacer Cash COWZ 100-Nasdaq 100 Rotator ETF
FYLD,Cambria Foreign Yield ETF
IYM,iShares U.S. Materials ETF
CWB,SPDR Convertible ETF
QDTY,Tidal Trust II - Yieldmax Nasdaq 100 0dte Call Strategy ETF
GMOI,GMO Int'l Value ETF
EPOL,iShares MSCI Poland
FEM,First Trust Emerging Markets ETF
FAD,First Trust Multi Cap Growth ETF
JMOM,JPM U.S. Momentum ETF
PLTM,GraniteShares Platinum ETF
FIVA,Fidelity Int'l Value ETF
PPLT,abrdn Platinum ETF
GOP,Unusual Whales Republican ETF
ASHR,Xtrackers CSI 300 ETF
VFMF,Vanguard Multifactor ETF
ITAN,Sparkline Intangible ETF
ONEQ,Fidelity Nasdaq ETF
GPIQ,Goldman Sachs Nasdaq-100 Income ETF
EWP,iShares Spain ETF
DBP,Invesco DB Precious Metals ETF
JSML,Janus Small Cap Growth ETF
OILK,ProShares K-1 Free Oil ETF
FXN,First Trust Energy ETF
FFLG,Fidelity Large Cap Growth ETF
ESML,iShares ESG Small-Cap ETF
VNM,VanEck Vietnam ETF
EWJV,iShares Japan Value ETF
QQH,HCM Defender 100 ETF
FBCG,Fidelity Blue Chip ETF
HAWX,iShares Currency Hedged ACWI ex U.S. ETF
RSPG,Invesco S&P 500 Equal Weight Energy ETF
DFSV,Dimensional US Small Cap Value ETF
SMIZ,Zacks SMID ETF
PPI,AXS Astoria Real Assets ETF
IWMI,NEOS Russell 2000 High Income ETF
CGGO,Cap Group Global Growth ETF
CNYA,iShares MSCI China A ETF
IQQQ,ProShares Nasdaq-100 High Income ETF
AVNM,Avantis Intl Markets ETF
MOOD,EA Relative Sentiment ETF
TCHI,iShares MSCI China Tech ETF
AVNV,Avantis Intl Value ETF
USL,US 12M Oil Fund
XSMO,Invesco S&P SmallCap Momentum ETF
IQDF,FlexShares Intl Quality Dividend ETF
SPUS,Tidal SP Sharia Exclusions ETF
VIOO,Vanguard S&P 600 ETF
SPSM,SPDR S&P 600 Small Cap ETF
FLLA,Franklin FTSE LatAm ETF
QQQT,Tidal Defiance Nasdaq 100 ETF
DFUV,Dimensional US Value ETF
HFXI,NYLI FTSE Intl Equity ETF
EWN,iShares MSCI Netherlands ETF
TUGN,STF Tactical Growth ETF
IJR,iShares Core Small-Cap ETF
IGE,iShares North American Resources ETF
VFLO,VictoryShares FCF ETF
IDVO,Amplify Int'l Dividend ETF
FLBR,Franklin U.S. Core Dividend ETF
JPSE,JPMorgan U.S. Small Cap ETF
FBOT,Fidelity Disruptive ETF
PRFZ,Invesco FTSE RAFI US 1500 ETF
BBMC,JPMorgan Mid Cap ETF
FNY,First Trust Mid Cap Growth ETF
GNR,SPDR S&P Global Resources ETF
SCHM,Schwab U.S. Mid-Cap ETF
TMSL,T. Rowe Price Small-Mid ETF
AVSU,Avantis Responsible U.S. Equity ETF
FDMO,Fidelity Momentum ETF
CGNG,CapGroup Geo Equity ETF
SEIS,SEI Small Cap ETF
CEPI,ETF Opportunities Trust - Rex Crypto Equity Premium Income ETF
GSG,iShares GSCI Commodity Trust
AVES,Avantis Emerging Markets ETF
QQQY,Tidal Defiance Nasdaq 100 ETF
AVGE,Avantis All Equity ETF
IBB,iShares Biotech ETF
COPY,The RBB Fund Trust - Tweedy Browne Insider + Value ETF
FNDA,Schwab Fundamental Small Cap ETF
USXF,iShares ESG MSCI USA ETF
GSSC,Goldman Sachs ActiveBeta Small Cap ETF
XUDV,Franklin Templeton ETF Trust - Franklin U.S. Dividend Multiplier Index ETF
DFIV,Dimensional Int'l Value ETF
GUNR,FlexShares Global Natural Resources ETF
SMLF,iShares U.S. Small-Cap Factor ETF
IOO,iShares Global 100 ETF
ITA,iShares U.S. Aerospace & Defense ETF
MISL,First Trust Aerospace & Defense ETF
JMEE,JPM Small & Mid Cap ETF
IDOG,ALPS Int'l Div Dogs ETF
PRF,Invesco FTSE RAFI 1000 ETF
PXI,Invesco Energy Momentum ETF
FDD,First Trust European Select Dividend ETF
FLJP,Franklin U.S. Dividend Tilt ETF
PVAL,Putnam Focused Large Cap ETF
VDE,Vanguard Energy ETF
DISV,Dimensional Int'l Small Cap Value ETF
SFY,SoFi 500 ETF
USVM,VictoryShares US Small Mid Cap Value ETF
DFAX,Dimensional World ex U.S. Equity ETF
FENY,Fidelity MSCI Energy ETF
USOY,Tidal Defiance Oil Income ETF
DFLV,Dimensional US Large Cap Value ETF
ICOW,Pacer Intl Cash Cows 100 ETF
NUKZ,Range Nuclear ETF
XMVM,Invesco S&P MidCap Value Momentum ETF
MXI,iShares Global Materials ETF
DFAT,Dimensional U.S. Value ETF
SFLO,VictoryShares Small Cap FCF ETF
IUS,Invesco RAFI US ETF
IPO,Renaissance IPO ETF
FNDB,Schwab Fundamental U.S. ETF
IVLU,iShares Intl Value ETF
AVDS,Avantis Int'l Small Cap ETF
EWJ,iShares Japan ETF
XLE,Energy SPDR ETF
BBJP,JPM BetaBuilders Japan ETF
EZA,iShares MSCI South Africa ETF
FNDX,Schwab Fundamental U.S. Large Cap ETF
QLC,FlexShares US Quality Large Cap ETF
HFGM,Tidal Etf Trust - Unlimited Hfgm Global Macro Return Tracker Etf
FTXO,First Trust Nasdaq Bank ETF
VBK,Vanguard Small-Cap Growth ETF
PDBC,Invesco Optimum Yield Commodity ETF
AVUS,Avantis U.S. Equity ETF
IXC,iShares Global Energy ETF
DBC,Invesco DB Commodity ETF
DJP,iPath Bloomberg Commodity Index Total Return ETN
GLRY,Inspire Momentum ETF
IYT,iShares U.S. Trans ETF
FTGC,First Trust Global Tactical Commodity ETF
ISCG,iShares Small-Cap Growth ETF
IDHQ,Invesco S&P Int'l Quality ETF
AVIV,Avantis Int'l Large Cap Value ETF
AVLC,Avantis U.S. Large Cap ETF
RAAX,VanEck Inflation ETF
VSGX,Vanguard ESG Intl ETF
FNDE,Schwab Fundamental EM Equity ETF
SCHF,Schwab Intl Equity ETF
QGRW,WisdomTree U.S. Quality Growth ETF
EWW,iShares Mexico ETF
HGER,Harbor Commodity ETF
TSII,REX ETF Trust - REX TSLA Covered Call ETF
QYLG,Global X Nasdaq 100 Covered Call ETF
FTC,First Trust Large Cap Growth ETF
APLY,YieldMax AAPL ETF
XIDV,Franklin Templeton ETF Trust - Franklin International Dividend Multiplier Index ETF
BKDV,BNY Dynamic Value ETF
VIOG,Vanguard S&P 600 Growth ETF
VEA,Vanguard FTSE Dev Mkts ETF
CGIC,CapGroup Intl Core ETF
SPDW,SPDR Dev World ex-US ETF
QQA,Invesco QQQ Income ETF
VOOG,Vanguard S&P 500 Growth ETF
SPYG,SPDR S&P 500 Growth ETF
FELV,Fidelity Enhanced Large Cap Value ETF
PTNQ,Pacer Trendpilot 100 ETF
IUSG,iShares Core U.S. Growth ETF
FGD,First Trust Global Select Dividend ETF
OVL,Overlay Large Cap ETF
RDVY,First Trust Rising Dividends ETF
EWZ,iShares MSCI Brazil
PXH,Invesco RAFI Emerging Markets ETF
GFLW,Victory Portfolios II - Victoryshares Free Cash Flow Growth ETF
SLYG,SPDR S&P 600 Small Cap Growth ETF
IVW,iShares S&P 500 Growth ETF
IDV,iShares Intl Select Div ETF
QBIG,Invesco Actively Managed Exchange-Traded Fund Trust - Invesco Top QQQ ETF
IAT,iShares U.S. Regional Banks ETF
COMT,iShares GSCI Commodity ETF
TSLY,YieldMax TSLA ETF
IJT,iShares S&P 600 Growth ETF
OVF,Overlay Foreign Equity ETF
ECH,iShares Chile ETF
QVAL,Alpha Architect U.S. Value ETF
IVOG,Vanguard S&P Mid-Cap Growth ETF
VEU,Vanguard All-World ex-US ETF
CERY,SPDR Enhanced Commodity ETF
MDYG,SPDR S&P 400 Mid Cap Growth ETF
IYE,iShares U.S. Energy ETF
KDEF,Exchange Listed Funds Trust - PLUS Korea Defense Industry Index ETF
LVHI,Franklin Intl Low Vol High Div ETF
BLOK,Amplify Data Sharing ETF
USSE,SBH Select Equity ETF
SPVM,Invesco S&P 500 Value Momentum ETF
CPER,US Copper Index Fund
IJK,iShares S&P Mid-Cap Growth ETF
TUR,iShares Turkey ETF
TVAL,T. Rowe Price Value ETF
VYMI,Vanguard Int'l High Div ETF
SNPE,Xtrackers S&P 500 ESG ETF
VXUS,Vanguard Total Intl Stock ETF
IPAV,Global X Infra Dev ex-U.S. ETF
PSC,Principal U.S. Small-Cap ETF
PPA,Invesco AeroDefense ETF
EFIV,SPDR S&P 500 ESG ETF
DFAS,Dimensional U.S. Small Cap ETF
FEOE,The RBB Fund Trust - First Eagle Overseas Equity ETF
VONV,Vanguard Russell 1000 Value ETF
IWX,iShares Russell 200 Value ETF
SCHV,Schwab U.S. Large-Cap Value ETF
IFRA,iShares U.S. Infra ETF
DGT,SPDR Global Dow ETF
ROUS,Lattice Hartford Multifactor ETF
VB,Vanguard Small-Cap ETF
GIAX,Tidal Trust II Global Equity ETF
EWC,iShares MSCI Canada ETF
OARK,YieldMax Innovation ETF
VXF,Vanguard Extended Market ETF
GRNY,Tidal Trust III - Fundstrat US Large Cap ETF
VLU,SPDR S&P 1500 Value ETF
ZAP,Global X Funds - US Electrification Etf
RDVI,FT Vest Rising Dividends ETF
RWK,Invesco S&P MidCap 400 ETF
DYNF,iShares U.S. Factor Rotation ETF
DEM,WisdomTree EM High Dividend ETF
KRE,SPDR S&P Regional Bank ETF
JPXN,iShares JPX 400 ETF
IWD,iShares Russell 1000 Value ETF
VIS,Vanguard Industrials ETF
CGDV,CapGroup Div Value ETF
SPGM,SPDR MSCI Global Stock ETF
VFVA,Vanguard U.S. Value ETF
SECT,NLFT IV Sector Rotation ETF
RPV,Invesco S&P 500 Value ETF
GWX,SPDR S&P Int'l Small Cap ETF
FLQL,Franklin U.S. Large Cap ETF
ACWX,iShares ACWI ex U.S. ETF
NIKL,Sprott Nickel ETF
BBCA,JPM BetaBuilders Canada ETF
FIDU,Fidelity MSCI Industrials ETF
FLCA,Franklin FTSE Canada ETF
LEXI,LFT - Alexis Tactical ETF
DOL,WisdomTree Intl LargeCap Div Fund
QQQI,NEOS Nasdaq-100 High Income ETF
NUSC,Nuveen ESG Small-Cap ETF
CWI,SPDR ACWI ex-US ETF
LEGR,First Trust Indxx Innovative ETF
DFAW,Dimensional World ETF
CALF,Pacer US Small Cap ETF
HSCZ,iShares Currency Hedged EAFE Small-Cap ETF
FNX,First Trust Mid Cap AlphaDEX Fund
RDIV,Invesco S&P Ultra Dividend ETF
FVAL,Fidelity Value ETF
DRLL,Strive U.S. Energy ETF
RDTE,Roundhill Small Cap 0DTE ETF
MGV,Vanguard Mega Cap ETF
CVLC,Calvert US Large-Cap ETF
SCJ,iShares Japan Small-Cap ETF
PTL,Inspire 500 ETF
IXUS,iShares Core MSCI Int'l ETF
DES,WisdomTree U.S. SmallCap Div Fund
ARKK,ARK Innovation ETF
SNTH,Tidal Trust III - MRP Synthequity ETF
FTQI,First Trust Nasdaq BuyWrite ETF
FEPI,REX FANG Innovation ETF
FSMD,Fidelity Small-Mid Multifactor ETF
DFAC,Dimensional U.S. Core Equity ETF
SPEM,SPDR Emerging Markets ETF
TOPT,iShares Top 20 ETF
FGDL,Franklin Templeton Gold ETF
VBR,Vanguard Small-Cap Value ETF
IWS,iShares Mid-Cap Value ETF
IAUM,iShares Gold Micro
RWL,Invesco S&P 500 Revenue ETF
DGRS,WisdomTree U.S. SmallCap Dividend Growth ETF
GLDM,Gold MiniShares ETF
BAR,GraniteShares Gold ETF
BCI,abrdn All Commodity ETF
EWI,iShares Italy ETF
AVMV,Avantis U.S. Mid Cap Value ETF
AAAU,Goldman Sachs Gold ETF
SGOL,abrdn Gold ETF
TILT,FlexShares US Market Factor ETF
WCMI,First Trust WCM International ETF
GDXY,YieldMax Gold Miners ETF
OAIM,OneAscent Int'l Equity ETF
IZRL,ARK Israel Tech ETF
DFJ,WisdomTree Japan SmallCap Div Fund
OUNZ,VM Gold ETF
QMOM,Alpha Architect U.S. Momentum ETF
SSUS,Smart Sector ETF
IAU,Gold Trust ETF
VT,Vanguard Total World ETF
JEPQ,JPM Nasdaq Equity ETF
COMB,GraniteShares Commodity ETF
DIVB,iShares Core Dividend ETF
QQQE,Direxion NASDAQ-100 Equal Weight ETF
APUE,Pro Managers ActivePassive U.S. Equity ETF
GLD,Gold Trust ETF
HIDV,AB US High Div ETF
PWV,Invesco Large Cap Value ETF
GLOF,iShares Global Equity ETF
SDCI,USCF Dynamic Commodity Fund
FV,First Trust Focus 5 ETF
VTV,Vanguard Value ETF
MGC,Vanguard Mega Cap ETF
XJH,iShares ESG Mid-Cap ETF
DSI,iShares KLD 400 Social ETF
DCOR,Dimensional US Core Equity ETF
QDF,FlexShares Quality Dividend ETF
FTA,First Trust Large Cap Value ETF
EPS,WisdomTree U.S. LargeCap
DUSA,Davis Select Equity ETF
VWO,Vanguard FTSE Emerging Markets ETF
DFUS,Dimensional U.S. Equity ETF
USCI,US Commodity Index Fund
DFAU,Dimensional US Core Equity ETF
FENI,Fidelity Enhanced Intl ETF
AVDE,Avantis Intl Equity ETF
NULG,Nuveen ESG Large-Cap ETF
SCHE,Schwab Emerging Markets ETF
CMDY,iShares Commodity Roll ETF
DBMF,iMGP Managed Futures ETF
SUSL,iShares ESG USA Leaders ETF
SYLD,Cambria Yield ETF
VTI,Vanguard Total Stock ETF
ESN,Northern Lights Fund Trust II - Essential 40 Stock Fund
FELC,Fidelity Enhanced Large Cap ETF
SCHB,Schwab U.S. Broad ETF
OPPE,WisdomTree Europe SmallCap ETF
GCC,WisdomTree Enhanced Commodities ETF
RLY,SPDR SSGA Multi-Asset ETF
PALL,abrdn Palladium ETF
CQQQ,Invesco China Tech ETF
SPMD,SPDR S&P 400 Mid Cap ETF
IVOO,Vanguard S&P Mid-Cap ETF
FTXN,First Trust Nasdaq Oil & Gas ETF
ACWI,iShares ACWI ETF
SPTM,SPDR S&P 1500 ETF
BKLC,BNY Mellon US Large Cap ETF
GMOV,GMO U.S. Value ETF
FFLC,Fidelity Large Cap Core ETF
ITOT,iShares Core U.S. Stock ETF
VOTE,TCW Transform 500 ETF
HGRO,ETF Opportunities Trust - Hedgeye Quality Growth ETF
TSPA,T. Rowe Price U.S. Equity ETF
ILCV,iShares Value ETF
EINC,VanEck Energy ETF
SPYM,SPDR S&P 500 ETF
VOO,Vanguard S&P 500 ETF
RSSB,Tidal Trust II - Global Stocks & Bonds ETF
DSMC,Distillate Small/Mid Cash Flow ETF
ESGV,Vanguard ESG U.S. ETF
ORR,EA Series Trust - Militia Long/Short Equity ETF
MAGS,Roundhill Magnificent Seven ETF
JHSC,JH Multifactor Small Cap ETF
SCHK,Schwab 1000 ETF
SPY,SPDR S&P 500 ETF
MGK,Vanguard Mega Growth ETF
IJH,iShares Core Mid-Cap ETF
VTHR,Vanguard Russell 3000 ETF
ITDF,iShares LifePath 2050 ETF
KBWY,Invesco KBW REIT ETF
OEF,iShares S&P 100 ETF
SMLV,SPDR SSGA US Small Cap Low Vol ETF
GSUS,Goldman Sachs MarketBeta U.S. Equity ETF
AVEE,Avantis EM Small Cap ETF
FNDC,Schwab Intl Small Equity ETF
DFIC,Dimensional Int'l Core Equity 2 ETF
MDY,SPDR MidCap 400 ETF
JSMD,Janus Small/Mid Cap Growth ETF
SPHQ,Invesco S&P 500 Quality ETF
IVV,iShares Core S&P 500 ETF
VV,Vanguard Large-Cap ETF
KBE,SPDR S&P Bank ETF
FEGE,The RBB Fund Trust - First Eagle Global Equity ETF
STXF,Strive 500 ETF
PIZ,Invesco Dorsey Wright Developed Markets ETF
ASEA,Global X SEA ETF
ILCB,iShares U.S. Equity ETF
ISVL,iShares Intl Dev Small Cap Value ETF
IPAC,iShares MSCI Pacific ETF
JHML,JH Multifactor Large Cap ETF
ILCG,iShares Morningstar Growth ETF
BALI,iShares Large Cap Income ETF
XLI,Industrial SPDR ETF
PINK,Simplify Health ETF
IWL,iShares Russell 200 ETF
DIVI,Franklin Intl Core Dividend ETF
IWV,iShares Russell 3000 ETF
DBEF,Xtrackers EAFE Hedged ETF
PBUS,Invesco MSCI USA ETF
ESGU,iShares ESG MSCI USA ETF
XOP,SPDR S&P Oil & Gas ETF
RSSX,Tidal Trust II - Return Stacked U.S. Stocks & Gold/Bitcoin ETF
DFIS,Dimensional Int'l Small Cap ETF
HEFA,iShares Currency Hedged EAFE ETF
THRO,iShares U.S. Thematic Rotation ETF
VONE,Vanguard Russell 1000 ETF
IYY,iShares Dow Jones U.S. ETF
BBUS,JPM BetaBuilders U.S. Equity ETF
XHS,SPDR Health Care ETF
DGS,WisdomTree EM SmallCap Dividend Fund
USPX,Franklin U.S. Equity ETF
SDOG,ALPS Sector Dividends ETF
LCAP,Principal Exchange-Traded Funds - Cap Appreciation Select ETF
QINT,American Century Quality International ETF
QFLR,Innovator Nasdaq-100 ETF
SCHX,Schwab U.S. Large-Cap ETF
SPYX,SPDR S&P 500 Fossil Free ETF
XMAG,Tidal Defiance Large Cap ETF
QLTY,GMO U.S. Quality ETF
CEFS,Saba CEF ETF
SCHD,Schwab U.S. Dividend ETF
CGMM,Capital Group Equity ETF Trust I - Capital Group U.S. Small and Mid Cap ETF
NULV,Nuveen ESG Large-Cap ETF
XPAY,Roundhill S&P 500 Target 20 ETF
JHMM,JH Multifactor Mid Cap ETF
JAVA,JPM Active Value ETF
BBLU,EA Bridgeway Blue Chip ETF
IWB,iShares Russell 1000 ETF
EZM,WisdomTree U.S. MidCap ETF
INCE,Franklin Income ETF
JUSA,J.P. Morgan Exchange-Traded Funds - JPMorgan U.S. Research Enhanced Large Cap ETF
DTH,WisdomTree Int'l High Div Fund
NDIV,Amplify Nat Res Div ETF
INTL,NLFT IV International ETF
BGDV,ETF Series Solutions - Bahl & Gaynor Dividend ETF
SAEF,Schwab Ariel ESG ETF
SCHC,Schwab Int'l Small-Cap ETF
RSPM,Invesco S&P 500 Equal Weight Materials ETF
EWX,SPDR S&P EM Small Cap ETF
SUSA,iShares MSCI USA ESG ETF
VSS,Vanguard FTSE All-World Small-Cap ETF
CRBN,iShares ACWI Low Carbon ETF
SEIE,SEI Select Intl Equity ETF
WTV,WisdomTree U.S. Value ETF
FELG,Fidelity Enhanced Large Cap ETF
IEO,iShares U.S. Oil & Gas ETF
EEMV,iShares MSCI EM Min Vol ETF
IDMO,Invesco S&P Intl Momentum ETF
HFGO,Hartford Large Cap Growth ETF
TSPY,TappAlpha SPY Growth ETF
CMDT,PIMCO Commodity Active ETF
VYM,Vanguard High Div ETF
AVMA,Avantis Moderate ETF
RODM,Lattice Hartford Multifactor ETF
NANC,Unusual Whales ETF
AIPI,REX AI Equity ETF
JIG,JPM International Growth ETF
FIDI,Fidelity Int'l High Div ETF
GQI,Natixis Gateway Quality ETF
AFLG,First Trust Active Factor Large Cap ETF
IWMY,Tidal Defiance R2000 Options ETF
RFV,Invesco S&P MidCap 400 Value ETF
QDVO,Amplify Growth & Income ETF
EFV,iShares EAFE Value ETF
IMCG,iShares Mid-Cap Growth ETF
EQAL,Invesco Russell 1000 Equal Weight ETF
VOE,Vanguard Mid-Cap Value ETF
THIR,THOR Tech Rotation ETF
GPIX,Goldman Sachs S&P 500 Income ETF
VUG,Vanguard Growth ETF
NORW,Global X Norway ETF
CGUS,Core Equity ETF
QDPL,Pacer Metaurus Large Cap Dividend ETF
IMCB,iShares Mid-Cap ETF
DFAI,Dimensional Int'l Core Equity ETF
EUFN,iShares MSCI Europe FinTech ETF
LCTU,BlackRock U.S. Carbon ETF
DJD,Invesco DJIA Dividend ETF
ENFR,Alerian Energy ETF
IMCV,iShares Mid-Cap Value ETF
XLG,Invesco S&P 500 Top 50 ETF
URTH,iShares MSCI World ETF
RECS,Columbia Research Core ETF
NTSX,WisdomTree U.S. Core Fund
WEEI,Ultimus Westwood Energy ETF
LGH,HCM Defender 500 ETF
DVYE,iShares EM Dividend ETF
TMFC,RBB Motley Fool 100 ETF
XDTE,Roundhill S&P 500 0DTE Call ETF
BINV,Brandes International ETF
JPME,JPMorgan U.S. Mid Cap ETF
SDVY,First Trust SMID Cap Dividend ETF
LRGF,iShares U.S. Equity ETF
CATH,Global X S&P 500 Catholic ETF
ICAP,InfraCap Equity Income ETF
NLR,VanEck Uranium ETF
XLSR,SPDR SSGA Sector Rotation ETF
IMTM,iShares Intl Momentum ETF
FDVV,Fidelity High Div ETF
SDTY,Tidal Trust II - Yieldmax SandP 500 500 0dte Covered Call Strategy ETF
BCD,abrdn All Commodity ETF
MLPX,Global X MLP & Energy ETF
QYLD,Global X NASDAQ 100 Call ETF
VAW,Vanguard Materials ETF
INTF,iShares Intl Equity Factor ETF
FMAT,Fidelity MSCI Materials ETF
WDTE,Tidal Defiance S&P 500 Options ETF
MFDX,PIMCO RAFI Dynamic Intl Equity ETF
ISPY,ProShares S&P 500 High Income ETF
FFOG,Franklin Focused Growth ETF
AOA,iShares Core Aggressive ETF
FDL,First Trust Dividend Leaders ETF
FXR,First Trust Industrials AlphaDEX Fund
EWK,iShares Belgium ETF
GCOW,Pacer Global Cash Cows ETF
BIGY,Tidal Trust II - YieldMax Target 12 Big 50 Option Income ETF
MODL,VictoryShares U.S. Sector ETF
IWR,iShares Mid-Cap ETF
FYEE,Fidelity Yield Equity ETF
BOTZ,Global X Robotics ETF
IVOV,Vanguard S&P Mid-Cap Value ETF
BKIE,BNY Mellon Int'l Equity ETF
OMFL,Invesco Russell 1000 Dynamic ETF
DVY,iShares Select Dividend ETF
IWY,iShares Russell 200 Growth ETF
ATMP,iPath Select MLP ETN
IPKW,Invesco Intl BuyBack ETF
JPUS,JPM Diversified U.S. Equity ETF
ROBT,First Trust Nasdaq AI & Robotics ETF
MDYV,SPDR S&P 400 Mid Cap Value ETF
DLN,WisdomTree U.S. LargeCap Div Fund
DTD,WisdomTree U.S. Dividend Fund
DIA,SPDR Dow Jones ETF
EXI,iShares Global Industrials ETF
PXE,Invesco Energy ETF
SDIV,Global X SuperDividend ETF
DHS,WisdomTree U.S. High Div Fund
SIXS,ETC Meridian Small Cap ETF
EQWL,Invesco S&P 100 Equal Weight ETF
TPYP,Tortoise North American Pipeline ETF
QUAL,iShares USA Quality ETF
GSLC,Goldman Sachs ActiveBeta Large Cap ETF
YMAG,Tidal YieldMax 7 ETF
DLS,WisdomTree Intl SmallCap Div Fund
INFL,Horizon Kinetics Inflation ETF
JQUA,JPM U.S. Quality ETF
FNGS,FANG+ ETNs 2038
IJJ,iShares S&P Mid-Cap 400 Value ETF
SDVD,FT Vest SMID Dividend Achievers ETF
FMDE,Fidelity Enhanced Mid Cap ETF
RSBT,Tidal Trust II - Stacked Bonds ETF
DGRO,iShares Core Div Growth ETF
DDLS,WisdomTree Dynamic Currency Hedged SmallCap ETF
ESUM,Strategy Shares - Eventide US Market ETF
CGGE,Cap Group Global Equity ETF
VONG,Vanguard Russell 1000 Growth ETF
NUDM,Nuveen ESG Intl Dev Mkts ETF
IETC,iShares U.S. Tech Independence ETF
IAI,iShares U.S. Broker-Dealers ETF
BBIN,JPMorgan BetaBuilders Intl ETF
SPYI,NEOS High Income ETF
SCHY,Schwab Intl Dividend ETF
IDEF,BlackRock ETF Trust - iShares Defense Industrials Active ETF
TOUS,T. Rowe Price Intl Equity ETF
IWF,iShares Russell 1000 Growth
SCHG,Schwab U.S. Large-Cap Growth ETF
JHMD,JH Multifactor Dev Int'l ETF
MSLC,Morgan Stanley Pathway Funds - Large Cap Equity ETF
USMC,Principal Mega-Cap ETF
HOOY,Tidal Trust II - YieldMax HOOD Option Income Strategy ETF
FCPI,Fidelity Inflation Stocks ETF
BKGI,BNY Mellon Global Infra Income ETF
XYLG,Global X S&P 500 Covered Call ETF
SCZ,iShares MSCI EAFE Small-Cap ETF
ZECP,Zacks Earnings ETF
GGUS,Goldman Sachs MarketBeta Russell 1000 Growth ETF
SPYT,Tidal Defiance S&P 500 Income ETF
PEJ,Invesco Leisure ETF
SPYV,SPDR S&P 500 Value ETF
VOOV,Vanguard S&P 500 Value ETF
DALI,First Trust DALI 1 ETF
XLB,Materials SPDR ETF
IGLD,FT Vest Gold Income ETF
IDEV,iShares Core MSCI Intl Dev Markets ETF
PBQQ,PGIM Rock ETF Trust - PGIM Laddered Fund of Nasdaq-100 Buffer 12 ETF
VFQY,Vanguard Quality ETF
IUSV,iShares Core U.S. Value ETF
BGIG,Bahl & Gaynor Income ETF
RSP,Invesco S&P 500 Equal Weight ETF
IVE,iShares S&P 500 Value ETF
FQAL,Fidelity Quality ETF
BUFQ,FT Vest Nasdaq Buffer ETF
POWR,iShares Global Energy ETF
CDC,VictoryShares US EQ Income ETF
DWM,WisdomTree Intl Equity Fund
DBEU,Xtrackers MSCI Europe ETF
CGGR,Cap Group Growth ETF
SPBC,Simplify US Equity + Bitcoin ETF
DDWM,WisdomTree Dynamic Currency Hedged Equity Fund
DEUS,Xtrackers US Multifactor ETF
JIRE,JPM International Equity ETF
DECT,AIM AllianzIM U.S. Large Cap Buffer10 Dec ETF
RSPN,Invesco S&P 500 Equal Weight Industrials ETF
GSWO,Goldman Sachs ActiveBeta Low Vol Plus ETF
ALLW,SPDR Bridgewater All Weather ETF
PTLC,Pacer Trendpilot Large Cap ETF
SIXA,ETC Meridian Mega Cap ETF
ENOR,iShares MSCI Norway
NATO,Themes Transatlantic Defense ETF
NTSI,WisdomTree Intl Core Fund
FLV,American Century Focused Large Cap Value ETF
FHEQ,Fidelity Hedged Equity Fund
IEFA,iShares Core EAFE ETF
DUHP,Dimensional US High Profit ETF
ABFL,TrimTabs FCF Quality ETF
VO,Vanguard Mid-Cap ETF
MFSG,MFS Active Exchange Traded Funds Trust - MFS Active Growth ETF
GSEW,Goldman Sachs Equal Weight Large Cap ETF
IVVW,iShares S&P 500 BuyWrite
GSIE,Goldman Sachs ActiveBeta Intl Equity ETF
HDV,iShares Core High Div ETF
RWR,SPDR Dow REIT ETF
HEDJ,WisdomTree Europe Hedged ETF
DFSI,Dimensional Int'l Sustainability ETF
FOCT,FT Vest U.S. Equity Buffer Oct ETF
RYLD,Global X Russell 2000 Call ETF
DIHP,Dimensional Int'l High Profit ETF
EFA,iShares EAFE ETF
MSTB,LHA Tactical Beta ETF
EIPI,FT Energy Income ETF
EMLP,First Trust North American Energy ETF
EQL,ALPS Equal Weight ETF
DGRW,WisdomTree U.S. Quality Div Growth ETF
PEY,Invesco High Yield Dividend ETF
COM,Direxion Broad Commodity ETF
EZU,iShares Eurozone ETF
TBG,TBG Dividend ETF
FFUT,Fidelity Greenwood Street Trust - Managed Futures ETF
ACVF,ACV ETF
JANU,AIM ETF Products Trust - AllianzIM U.S. Equity Buffer15 Uncapped Jan ETF
FLGB,Franklin UK ETF
DWLD,Davis Select ETF
EUSA,iShares MSCI USA Equal Weight ETF
VIG,Vanguard Dividend ETF
CIBR,First Trust NASDAQ Cyber ETF
FDV,Federated Hermes U.S. Dividend ETF
FEZ,SPDR EURO STOXX 50 ETF
SPYD,SPDR S&P 500 High Div ETF
YGLD,Simplify Exchange Traded Funds - Simplify Gold Strategy PLUS Income ETF
DIVO,Amplify Enhanced Dividend ETF
EFAA,Invesco MSCI EAFE Income ETF
QQQH,Neos Nasdaq 100 Hedged Income ETF
ELM,Series Portfolios Trust - Elm Market Navigator ETF
BBEU,JPMorgan BetaBuilders Europe ETF
BNOV,Innovator U.S. Equity Buffer - Nov
FCG,First Trust Natural Gas ETF
FFEB,FT Vest U.S. Equity Buffer ETF
AIVL,WisdomTree U.S. AI Value Fund
JPEF,JPM Equity ETF
XOMO,YieldMax XOM ETF
SPYH,NEOS ETF Trust - NEOS S&P 500 Hedged Equity Income ETF
QQEW,First Trust NASDAQ-100 Equal Weight ETF
VGK,Vanguard FTSE Europe ETF
WTPI,WisdomTree PutWrite Fund
ESGD,iShares ESG MSCI EAFE ETF
USRT,iShares Core REIT ETF
ISCF,iShares Intl Small-Cap Factor ETF
COWZ,Pacer US Cash Cows ETF
TCAF,T. Rowe Price Capital Appreciation ETF
WWJD,Inspire Intl ETF
AOR,iShares Core 60/40 Balanced Allocation ETF
EQIN,Columbia U.S. Equity ETF
PKW,Invesco BuyBack ETF
SPEU,SPDR Europe ETF
DOGG,FT Vest DJIA Dogs 10 ETF
BBRE,JPM BetaBuilders US REIT ETF
TGRT,T. Rowe Price Growth ETF
USCL,iShares Climate Transition ETF
FLRG,Fidelity U.S. Multifactor ETF
EWU,iShares UK ETF
SMDV,ProShares Russell 2000 Div Growers ETF
XSHQ,Invesco S&P SmallCap ETF
IAUI,Neos ETF Trust - Gold High Income ETF
DMXF,iShares ESG MSCI EAFE ETF
DFNL,Davis Select Financial ETF
FLEE,Franklin FTSE Europe ETF
RSPA,Invesco S&P 500 Equal Weight ETF
DNL,WisdomTree Global Quality Dividend Fund
JGRO,JPM Active Growth ETF
FOXY,Simplify Exchange Traded Funds - Simplify Currency Strategy ETF
GLDI,Credit Suisse X-Links Gold Shares Covered Call ETN
AMJB,JPMorgan Chase Financial Company LLC
SFLR,Innovator Equity Floor ETF
VOX,Vanguard Comm Services ETF
MFSI,MFS Active Exchange Traded Funds Trust - MFS Active International ETF
PBP,Invesco S&P 500 BuyWrite ETF
TDVG,T. Rowe Price Dividend ETF
EFAX,SPDR MSCI EAFE Fossil Free ETF
CGBL,Core Balanced ETF
SPGP,Invesco S&P 500 GARP ETF
PPH,VanEck Pharma ETF
FJUL,FT Vest U.S. Equity Buffer ETF
MDST,Westwood Midstream Income ETF
EWM,iShares MSCI Malaysia ETF
QUS,SPDR MSCI USA Factors ETF
FCOM,Fidelity MSCI Comm Services ETF
HEGD,Swan Hedged Equity ETF
BBAX,JPM BetaBuilders Dev Asia Pac ETF
SPXT,ProShares S&P 500 Ex-Tech ETF
WINN,Harbor Long-Term ETF
FSEP,FT Vest U.S. Equity Buffer ETF - Sep
IHDG,WisdomTree Intl Hedged Div Growth ETF
TCHP,T. Rowe Price Blue Chip ETF
CGCV,Cap Group Conservative ETF
ITDB,iShares LifePath 2030 ETF
SKYY,First Trust Cloud ETF
PSCH,Invesco S&P SmallCap Health ETF
EWS,iShares MSCI Singapore
CSMD,Congress SMid Growth ETF
DON,WisdomTree U.S. MidCap Dividend
PFXF,VanEck Preferred Securities ETF
BUFR,FT Vest Laddered Buffer ETF
CXSE,WisdomTree China Ex-SOE Fund
SPFF,Global X SuperIncome ETF
BUFG,FT Vest Buffered Growth ETF
KCE,SPDR S&P Cap Mkts ETF
FXU,First Trust Utilities ETF
PDEC,Innovator U.S. Equity Power Buffer ETF - Dec
HACK,Amplify Cyber ETF
CGDG,CapGroup Div Growers ETF
BUFP,PGIM Laddered Buffer ETF
MFSV,Mfs Active Exchange Traded Funds Trust
JOET,Virtus Terranova Quality Momentum ETF
FXO,First Trust Financials ETF
AUSF,Global X Adaptive U.S. Factor ETF can be simplified to: **Global X U.S. Factor ETF**.
PHEQ,MS Parametric Hedged Equity ETF
JXI,iShares Global Utilities ETF
IXG,iShares Global Fin ETF
XYLD,Global X S&P 500 Call ETF
THTA,SoFi Enhanced Yield ETF
IVVM,iShares Large Cap Buffer ETF
IEV,iShares Europe ETF
FTHI,First Trust BuyWrite ETF
EWH,iShares HK ETF
SRET,Global X SuperDividend REIT ETF
HDEF,DBX Xtrackers EAFE High Div ETF
QJUN,FT Vest Nasdaq-100 Buffer ETF - June
METV,Roundhill Metaverse ETF
IYJ,iShares U.S. Industrials ETF
IQLT,iShares Intl Quality ETF
OSCV,Opus Small Cap Value ETF
FHLC,Fidelity MSCI Health ETF
ARKW,ARK Next Gen Internet ETF
VHT,Vanguard Health ETF
PRNT,ARK 3D Printing ETF
KJUN,Innovator U.S. Small Cap Power Buffer ETF
RWO,SPDR Global Real Estate ETF
IEUR,iShares Core MSCI Europe ETF
BAFE,Brown Advisory Flexible Equity ETF
SCHH,Schwab U.S. REIT ETF
QEFA,SPDR MSCI EAFE ETF
FCEF,First Trust Income ETF
CGIE,CapGroup Intl Equity ETF
XV,Simplify Exchange Traded Funds - Simplify Target 15 Distribution ETF
TOLZ,ProShares DJ Brookfield Infra ETF
GII,SPDR Global Infra ETF
RISN,Inspire Tactical ETF
FXH,First Trust Health AlphaDEX Fund
EDIV,SPDR S&P EM Dividend ETF
ACIO,Aptus Collared ETF
XMHQ,Invesco S&P MidCap ETF
HNDL,HANDL NASDAQ ETF
IGF,iShares Global Infra ETF
SDY,SPDR S&P Div ETF
QMMY,FT Vest Nasdaq-100 Moderate Buffer ETF
FTLS,First Trust Long/Short ETF
OMAH,Tidal Trust III - Vistashares Target 15 Berkshire Select Income ETF
DFAR,Dimensional US Real Estate ETF
PMAR,Innovator U.S. Equity Power Buffer ETF
XRT,SPDR S&P Retail ETF
YLDE,ClearBridge ESG Dividend ETF
DIV,Global X SuperDividend U.S. ETF
EWD,iShares Sweden ETF
PRCS,Parnassus Income Funds - Parnassus Core Select ETF
EQTY,Kovitz Core ETF
PSFF,Pacer Swan SOS ETF
INCM,Franklin Income ETF
PAPR,Innovator U.S. Equity Power Buffer ETF - April
SNOY,YieldMax SNOW ETF
JPO,YieldMax JPM Option ETF
IWLG,NYLI Winslow Large Cap ETF
PY,Principal Value ETF
FMAY,FT Vest U.S. Equity Buffer May
RSPU,Invesco S&P 500 Equal Weight Utilities ETF
JGLO,JPM Global Select ETF
MLPD,Global X MLP & Energy ETF
HEQT,Simplify Hedged Equity ETF
IXP,iShares Global Comm ETF
MOAT,VanEck Wide Moat ETF
PJAN,Innovator U.S. Equity Power Buffer ETF - Jan
PID,Invesco Intl Dividend ETF
REET,iShares Global REIT
AMZA,InfraCap MLP ETF
KHPI,Kensington Hedged Income ETF
PJUL,Innovator U.S. Equity Power Buffer ETF - July
SMIG,Bahl & Gaynor Small/Mid Cap ETF
POCT,Innovator U.S. Equity Power Buffer ETF
TPHD,Timothy High Dividend ETF
XLV,Health Care SPDR ETF
PCY,Invesco EM Sovereign Debt ETF
NJUN,Innovator Growth-100 ETF
UJAN,Innovator U.S. Equity Ultra Buffer ETF - Jan
VGSR,MDP Vert Global Sustainable RE ETF
BUFF,Innovator Power Buffer ETF
XHB,SPDR Homebuilders ETF
REGL,ProShares S&P Midcap 400 Div Aristocrats ETF
COWG,Pacer US Large Cap Growth ETF
EFG,iShares EAFE Growth ETF
FDLO,Fidelity Low Vol ETF
ICF,iShares Cohen & Steers REIT ETF
BUFD,FT Vest Laddered Buffer ETF
ARGT,Global X Argentina ETF
SPRE,Tidal SP Global REIT Sharia ETF
NFRA,FlexShares Global Infrastructure ETF
OAKM,Harris Oakmark Etf Trust
EJAN,Innovator Emerging Markets ETF
BUFZ,FT Vest Moderate Buffer ETF
AOM,iShares Core Moderate ETF
XOVR,ERShares Crossover ETF
AMLP,Alerian MLP ETF
PAPI,MS Parametric Equity ETF
IYH,iShares U.S. Healthcare ETF
CSRE,Cohen & Steers ETF Trust - Real Estate Active ETF
JUNT,AIM AllianzIM U.S. Large Cap Buffer10 ETF
IOCT,Innovator Int'l Developed Power Buffer ETF
EPP,iShares MSCI PacEx Japan ETF
EMHY,iShares EM High Yield Bond ETF
PCEF,Invesco CEF Income ETF
LFGY,Tidal Trust II - YieldMax Crypto Industry & Tech Portfolio Option Income ETF
REZ,iShares Residential Real Estate ETF
FTGS,First Trust Growth ETF
IQDG,WisdomTree Intl Quality Div Growth ETF
IGRO,iShares Intl Div Growth ETF
FDIS,Fidelity MSCI Consumer ETF
RIET,Hoya High Dividend ETF
LVHD,Franklin U.S. Low Volatility Dividend ETF
EAGL,Eagle Capital Select ETF
DJIA,Global X Dow 30 ETF
IYF,iShares U.S. Financials
DFGR,Dimensional Global Real Estate ETF
VCR,Vanguard Consumer ETF
OZEM,Roundhill GLP-1 ETF
IJUL,Innovator Intl Dev Power Buffer ETF - July
VNQ,Vanguard Real Estate ETF
IHF,iShares U.S. Healthcare ETF
VFMV,Vanguard Min Vol ETF
VOT,Vanguard Mid-Cap Growth ETF
NOBL,ProShares S&P 500 Div Aristocrats ETF
FREL,Fidelity MSCI Real Estate ETF
OUSM,ALPS O'Shares Small-Cap Dividend ETF
MLPA,Global X MLP ETF
SBAR,Simplify Exchange Traded Funds - Simplify Barrier Income ETF
VPU,Vanguard Utilities ETF
FUTY,Fidelity MSCI Utilities ETF
XLU,Utilities SPDR ETF
SVOL,Simplify Volatility ETF
QGRO,American Century U.S. Quality ETF
AVRE,Avantis Real Estate ETF
EWL,iShares MSCI Switzerland ETF
XLY,Consumer Discretionary SPDR ETF
XEMD,BondBloxx EM 1-10 Year ETF
ELD,WisdomTree EM Local Debt ETF
GMAY,FT Vest U.S. Equity Moderate Buffer ETF
DMAY,FT Vest U.S. Equity Deep Buffer ETF
SPHD,Invesco S&P 500 High Div Low Vol ETF
EWA,iShares MSCI Australia
BNDS,Series Portfolios Trust - Infrastructure Cap Bond Income ETF
UAE,iShares UAE ETF
DIVZ,Opal Dividend ETF
IYG,iShares U.S. Financial ETF
NBSM,Neuberger Berman Small-Mid ETF
FEMB,First Trust Emerging Markets Bond ETF
DSTL,Distillate U.S. Stability ETF
YYY,Amplify High Income ETF
NURE,Nuveen Short-Term REIT ETF
EMB,iShares J.P. Morgan EM Bond ETF
KMLM,KraneShares Mount Lucas Futures ETF
KRBN,KraneShares Global Carbon ETF
SOYB,Teucrium Soybean ETF
AOK,iShares Core Conservative ETF
MDIV,First Trust Multi-Asset Income ETF
RSPH,Invesco Equal Weight Health Care ETF
PMAY,Innovator U.S. Equity Power Buffer ETF
OUSA,ALPS O'Shares Quality Dividend ETF
EMHC,SPDR EM USD Bond ETF
XLRE,Real Estate SPDR ETF
IYRI,NEOS ETF Trust - NEOS Real Estate High Income ETF
IYR,iShares U.S. Real Estate ETF
KNG,FT S&P 500 Dividend Aristocrats ETF
HELO,JPM Hedged Equity ETF
VWOB,Vanguard Emerging Markets Bond ETF
PJUN,Innovator U.S. Equity Power Buffer ETF - June
ZALT,Innovator U.S. Equity 10 ETF
UTES,Virtus Reaves Utilities ETF
GJUN,FT Vest U.S. Equity Moderate Buffer ETF
RSPD,Invesco S&P 500 Equal Weight Consumer ETF
FSYD,Fidelity Sustainable High Yield ETF
LEMB,iShares EM Local Currency Bond ETF
PBJN,PGIM US Large-Cap Buffer ETF
UJUN,Innovator U.S. Equity Ultra Buffer ETF - June
VEGI,iShares MSCI Ag Producers ETF
FVD,First Trust Value Line Dividend ETF
XLC,Communication Services SPDR ETF
MORT,VanEck Mortgage REIT ETF
BUYW,NLFT IV BuyWrite ETF
AMZY,YieldMax AMZN ETF
RMOP,Tidal Rockefeller Municipal Bond ETF
MAGY,Roundhill ETF Trust - Roundhill Magnificent Seven Covered Call ETF
IMAR,Innovator Int'l Power Buffer ETF - March
HARD,Simplify Commodities ETF
GLDY,Tidal Trust II - Defiance Gold Enhanced Options Income ETF
CVNY,Tidal Trust II - YieldMax CVNA Option Income Strategy ETF
IDU,iShares U.S. Utilities ETF
JUNW,AIM AllianzIM U.S. Large Cap Buffer20 ETF
IHAK,iShares Cyber Tech ETF
HYEM,VanEck EM High Yield Bond ETF
XMLV,Invesco S&P MidCap Low Vol ETF
EMLC,VanEck EM Local Currency Bond ETF
TLTW,iShares 20+ Year Treasury BuyWrite ETF
FLQM,Franklin U.S. Mid Cap ETF
LSGR,Natixis Focused Growth ETF
SEIQ,SEI Enhanced U.S. Large Cap ETF
MLN,VanEck Long Muni ETF
MOO,VanEck Agribusiness ETF
CGHM,Capital Group Munic. High-Income ETF
VFH,Vanguard Financials ETF
IGBH,iShares Rate Hedged Long-Term Corp Bond ETF
IXJ,iShares Global Healthcare ETF
RSPF,Invesco S&P 500 Equal Weight Financials ETF
PFF,iShares Preferred Income ETF
FNCL,Fidelity MSCI Financials ETF
SRVR,Pacer Data & Infra ETF
USMF,WisdomTree U.S. Multifactor ETF
LMUB,iShares Trust - iShares Long-Term National Muni Bond ETF
FDHY,Fidelity Enhanced High Yield ETF
VTEL,Vanguard Long-Term Tax-Exempt Bond Etf
AVMU,Advantis Int'l Small Cap Value ETF
EWQ,iShares MSCI France
EWZS,iShares Brazil Small-Cap ETF
REM,iShares Mortgage REIT ETF
AGGH,Simplify Aggregate Bond ETF → Simplify Bond ETF
FALN,iShares Fallen Angels Bond ETF
FPEI,First Trust Institutional Preferred ETF
FMHI,First Trust Munic High Income ETF
NFLT,Virtus Multi-Sector Bond ETF
PZA,Invesco AMT-Free Muni Bond ETF
HYGH,iShares High Yield Bond ETF
JHPI,John Hancock Preferred Income ETF
PWZ,Invesco CA AMT-Free Munis ETF
FLMI,Franklin Dynamic Muni Bond ETF
GXC,SPDR S&P China ETF
HFSI,Hartford Strategic Income ETF
FPE,First Trust Preferred ETF
ULTY,YieldMax Ultra ETF
TAXF,American Century Diversified Munis ETF
ANGL,VanEck Fallen Angel ETF
FLHY,Franklin High Yield Corporate ETF
SHLD,Global X Defense ETF
HYD,VanEck High Yield Muni ETF
VCRM,Vanguard Municipal Bond Funds - Vanguard Core Tax-Exempt Bond ETF
JEPI,JPM Equity Premium ETF
FMUN,Fidelity Merrimack Street Trust - Systematic Municipal Bond Index ETF
HYBI,NEOS High Yield ETF
LQDH,iShares Rate Hedged Corp Bond ETF
XLF,Financial SPDR ETF
RXI,iShares Global Consumer ETF
PHYL,PGIM Active High Yield ETF
BBHY,JPM BetaBuilders High Yield ETF
MINO,PIMCO Munic. Income ETF
BSJU,Invesco 2030 High Yield Bond ETF
PGHY,Invesco Global High Yield Bond ETF
WIP,SPDR FTSE Int'l Gov Inflation Bond ETF
HYDB,iShares High Yield Bond ETF
BUCK,Simplify Treasury Income ETF
QHY,WisdomTree U.S. High Yield Bond ETF
HIMU,BlackRock ETF Trust II - iShares High Yield Muni Income Active ETF
USHY,iShares Broad USD High Yield ETF
PFFD,Global X U.S. Preferred ETF
FMUB,Fidelity Merrimack Street Trust - Municipal Bond Opportunities ETF
ITB,iShares U.S. Home ETF
DRSK,Aptus Defined Risk ETF
VGMS,Vanguard Malvern Funds - Multi-Sector Income Bond Fund
SCIO,First Trust Structured Credit ETF
SYFI,AB Short Duration ETF
HYLB,Xtrackers USD High Yield Bond ETF
IBHI,iShares 2029 High Yield ETF
MFSM,MFS Active Exchange Traded Funds Trust - MFS Active Intermediate Muni Bond ETF
XLP,Consumer Staples SPDR ETF
TAFM,AB Tax-Aware Municipal ETF
HYGV,FlexShares High Yield Bond Fund
YLD,Principal Active High Yield ETF
SCYB,Schwab High Yield ETF
EFAV,iShares MSCI EAFE Min Vol ETF
BALT,Innovator Wealth Shield ETF
CEMB,iShares EM Corp Bond ETF
GHYB,Goldman Sachs High Yield Bond ETF
PMBS,Pimco Mortgage ETF
JNK,SPDR High Yield Bond ETF
CGMS,Cap Group Core Plus Income ETF
PYLD,PIMCO Multisector Bond ETF
VDC,Vanguard Consumer Staples ETF
FMB,First Trust Managed Munis ETF
SPHY,SPDR High Yield Bond ETF
MUST,Columbia Multi-Sector Muni ETF
JMBS,Janus Detroit Mortgage ETF
IWP,iShares Mid-Cap Growth ETF
MUNY,Vanguard New York Tax-Free Funds - Vanguard New York Tax-Exempt Bond ETF
FSTA,Fidelity MSCI Consumer Staples ETF
CARY,Angel Oak Income ETF
ITM,VanEck Intermediate Muni ETF
INMU,iShares Muni Income ETF
UUP,Invesco DB US Dollar Bull Fund
XBB,BondBloxx BB High Yield ETF
GMUB,Goldman Sachs Munic. Income ETF
HYMB,SPDR Nuveen High Yield Muni ETF
YMAX,Tidal YieldMax ETF
XCCC,BondBloxx CCC High Yield ETF
VTEB,Vanguard Tax-Exempt ETF
IYC,iShares U.S. Consumer ETF
HYS,PIMCO 0-5 High Yield Bond ETF
CGMU,Capital Group Municipal ETF
BSCZ,Invesco Exchange-Traded Self-Indexed Fund Trust - Invesco BulletShares 2035 Corporate Bond ETF
BSJT,Invesco 2029 High Yield Bond ETF
VNQI,Vanguard Global Real Estate ETF
VTEC,Vanguard CA Tax-Exempt Bond ETF
FHYS,Federated Hermes Short Duration ETF
JMHI,JPM High Yield Muni ETF
BSCY,Invesco BulletShares 2034 Corp Bond ETF
VMBS,Vanguard MBS ETF
VRP,Invesco Variable Rate ETF
BSJS,Invesco 2028 High Yield Bond ETF
SHYL,Xtrackers Short High Yield Bond ETF
HYBL,SPDR Blackstone High Income ETF
IBHH,iShares 2028 High Yield ETF
CLOZ,Panagram BBB-B CLO ETF
PREF,Principal Spectrum Preferred ETF
HYBB,iShares BB Corp Bond ETF
HYG,iShares High Yield Bond ETF
MMIT,NYLI Muni Intermediate ETF
HMOP,Hartford Munic ETF
CMF,iShares CA Muni ETF
NYF,iShares NY Muni ETF
MMCA,NYLI MacKay CA Muni ETF
FSEC,Fidelity Investment Grade ETF
VCLT,Vanguard Long-Term Corp Bond ETF
MBB,iShares MBS ETF
MUB,iShares Muni Bond ETF
SHYG,iShares 0-5Y High Yield Bond ETF
SJNK,SPDR Short Term High Yield ETF
IGHG,ProShares IG Rate Hedge
FPFD,Fidelity Preferred Income ETF
IBDZ,iShares iBonds 2034 ETF
LGLV,SPDR SSGA US Low Vol ETF
DGCB,Dimensional Global Credit ETF
SCMB,Schwab Municipal ETF
VTEI,Vanguard Int-Term Tax-Exempt ETF
MFSB,MFS Active Exchange Traded Funds Trust - MFS Active Core Plus Bond ETF
AGZD,WisdomTree Hedged Bond ETF
IGIB,iShares 5-10 Yr Inv Grade Corp Bond ETF
IGLB,iShares 10+ Year Corp Bond ETF
FLRT,Pacer Pacific Floating Rate ETF
SPMB,SPDR Mortgage Bond ETF
LMBS,First Trust Low Duration ETF
SCHI,Schwab 5-10 Yr Corp Bond ETF
VCIT,Vanguard Intermediate Corporate Bond ETF
EBND,SPDR EM Local Bond ETF
TFI,SPDR Nuveen Muni Bond ETF
LONZ,PIMCO Senior Loan ETF
KORP,American Century Diversified Bond ETF
HYDW,Xtrackers Low Beta Bond ETF
BOND,PIMCO Active Bond ETF
VIGI,Vanguard Intl Div Appreciation ETF
MUNI,PIMCO Intermediate Municipal Bond ETF
DMBS,DoubleLine Mortgage ETF
JMSI,JPM Sustainable Mun Income ETF
FDN,First Trust Dow Jones Internet ETF
SYSB,iShares U.S. Fixed Income ETF
SMBS,Schwab Strategic Trust - Schwab Mortgage-Backed Securities ETF
PFLD,AAM Low Duration Income ETF
BSCX,Invesco BS 2033 Corp Bond ETF
BAB,Invesco Taxable Munis ETF
USIG,iShares Broad USD Corp Bond ETF
SPLB,SPDR Long Term Corp Bond ETF
JPIE,JPM Income ETF
CLOX,Panagram AAA CLO ETF
TCPB,Thrivent ETF Trust - Thrivent Core Plus Bond ETF
IBCA,iShares Trust - iShares iBonds Dec 2035 Term Corp ETF
PSQA,Palmer Square CLO ETF
BSCW,Invesco BulletShares 2032 Corp Bond ETF
BRTR,iShares Total Return ETF
FLXR,TCW Flex Income ETF
XYZY,YieldMax SQ ETF
VTC,Vanguard Total Corp Bond ETF
UCON,First Trust TCW Unconstrained Bond ETF
USDU,WisdomTree U.S. Dollar Bull Fund
TFLR,T. Rowe Price Floating Rate ETF
GTO,Invesco Total Return Bond ETF
IGEB,iShares IG Systematic Bond ETF
EVTR,MS Eaton Vance Total Return Bond ETF
VPLS,Vanguard Core Plus Bond ETF
DFGP,Dimensional Global Core Plus ETF
CGCP,Capital Group Core Plus ETF
JMUB,JPM Municipal ETF
BINC,iShares Flex Income ETF
FICS,First Trust Int'l Developed Capital ETF
CPLB,NYLI ESG Core Plus Bond ETF
SCCR,Schwab Strategic Trust - Core Bond Etf
DFCF,Dimensional Core Bond ETF
HYLS,First Trust Tactical High Yield ETF
SPBO,SPDR Corp Bond ETF
ICLO,Invesco AAA CLO ETF
HTRB,Hartford Total Return Bond ETF
FTCB,First Trust Core Investment ETF
FCOR,Fidelity Corp Bond ETF
IBIH,iShares Oct 2031 TIPS ETF
SUSC,iShares ESG Corporate Bond ETF
JCPB,JPM Core Plus Bond ETF
CSHI,NEOS Enhanced Income T-Bill ETF
IBDY,iShares iBonds Dec 2033 ETF
IBDX,iShares Dec 2032 Corp ETF
PTRB,PGIM Total Return ETF
VSDB,Vanguard Malvern Funds - Vanguard Short Duration Bond ETF
BCHP,Principal Blue Chip ETF
PAAA,PGIM AAA ETF
AGGY,WisdomTree Yield Enhanced Bond ETF
ILTB,iShares 10+ Year USD Bond ETF
SBND,Columbia Short Bond ETF
FTCS,First Trust Capital ETF
CLOA,iShares AAA CLO ETF
MTBA,Simplify MBS ETF
PGX,Invesco Preferred ETF
RISR,Tidal FolioBeyond Income ETF
BSCV,Invesco BulletShares 2031 Corp Bond ETF
FIIG,First Trust Intermediate Corp ETF
SKOR,FlexShares Credit Bond ETF
TMB,Thornburg Etf Trust - Multi Sector Bond ETF
FLCO,Franklin Investment Grade ETF
LGOV,First Trust Long Duration ETF
FBND,Fidelity Total Bond ETF
JAAA,Janus Detroit CLO ETF
GIGB,Goldman Sachs Access IG Corporate Bond ETF
LQDB,iShares BBB Corporate Bond ETF
IUSB,iShares Core USD Bond ETF
BSJR,Invesco 2027 High Yield Bond ETF
UBND,VictoryShares Core Plus Bond ETF
SHYD,VanEck Short Muni ETF
VCRB,Vanguard Core Bond
DFNM,Dimensional National Muni ETF
CORP,PIMCO Investment Grade Bond ETF
VRIG,Invesco Variable Rate ETF
CLOI,VanEck CLO ETF
IBHG,iShares 2027 High Yield ETF
FLTR,VanEck IG Float ETF
IYK,iShares U.S. Staples ETF
JBBB,Janus Detroit CLO ETF
CGCB,CapGroup Core Bond ETF
LQD,iShares iBoxx IG Corporate Bond ETF
TDTF,FlexShares iBoxx 5-Year Target Duration TIPS 
IBIG,iShares Oct 2030 TIPS ETF
AVIG,Avantis Core Income ETF
FLOT,iShares Floating Rate ETF
BLV,Vanguard Long Bond ETF
EVSD,MS Eaton Vance Short Duration ETF
EUHY,iShares Intl High Yield ETF
DFIP,Dimensional Inflation ETF
OACP,OneAscent Core Plus Bond ETF
VCEB,Vanguard ESG U.S. Bond ETF
TBUX,T. Rowe Price Ultra Short Bond ETF
JPIB,JPM International Bond ETF
PSDM,PGIM Short Duration Bond ETF
BGRN,iShares USD Green Bond ETF
SRLN,SPDR Blackstone Senior Loan ETF
IBHF,iShares 2026 High Yield ETF
FIXD,First Trust TCW Opportunistic ETF
BSCT,Invesco BulletShares 2029 Corp Bond ETF
EVLN,MS Eaton Vance Floating Rate ETF
VNLA,Janus Short Duration ETF
JBND,JPM Active Bond ETF
BSCU,Invesco BulletShares 2030 Corp Bond ETF
FLDR,Fidelity Low Duration Bond ETF
IBIF,iShares Oct 2029 TIPS ETF
UYLD,Angel Oak UltraShort ETF
SHYM,iShares High Yield Muni ETF
DFCA,Dimensional CA Muni Bond ETF
GTIP,Goldman Sachs Inflation Protected Bond ETF
VSDM,Vanguard Municipal Bond Funds - Vanguard Short Duration Tax-Exempt Bond ETF
SMTH,ALPS Core Plus Bond ETF
TUSI,Touchstone Ultra Short ETF
BBAG,JPMorgan U.S. Aggregate Bond ETF
IBID,iShares Oct 2027 TIPS ETF
IBDW,iShares iBonds Dec 2031 ETF
BSJQ,Invesco 2026 High Yield Bond ETF
RWX,SPDR International Real Estate ETF
FLUD,Franklin Core Dividend ETF
IGSB,iShares 1-5 Year Corp Bond ETF
PULS,PGIM Ultra Short Bond ETF
USTB,VictoryShares Short-Term Bond ETF
EVSB,MS Eaton Vance Ultra-Short ETF
SPIB,SPDR Intermediate Corporate Bond ETF
TAGG,T. Rowe Price QM U.S. Bond ETF
NBSD,Neuberger Berman Short Duration ETF
FLCB,Franklin U.S. Core Dividend ETF - Franklin U.S. Core Bond ETF
GSST,Goldman Sachs Ultra Short Bond ETF
JSI,Janus Securitized Income ETF
UITB,VictoryShares Core Bond ETF
IBIE,iShares Oct 2028 TIPS ETF
VTIP,Vanguard Short-Term Inflation ETF
BRLN,iShares Floating Rate Loan ETF
VCSH,Vanguard Short-Term Corp Bond ETF
VUSB,Vanguard Ultra-Short Bond ETF
BND,Vanguard Total Bond ETF
BSCR,Invesco BulletShares 2027 Corp Bond ETF
BSCS,Invesco BulletShares 2028 Corp Bond ETF
FTSD,Franklin Core Dividend ETF
RBIL,Rbb Fund Inc. - F/m Short Term Treasury Inflation Protected Securities ETF
QLTA,iShares Aaa Corporate Bond ETF
FLRN,SPDR Bloomberg Floating Rate ETF
BIV,Vanguard Int-Term Bond ETF
RAVI,FlexShares Ultra-Short Income ETF
FLTB,Fidelity Limited Term Bond ETF
SLQD,iShares 0-5Y Inv Grade Corp Bond ETF
SUSB,iShares ESG 1-5 Year Corp Bond ETF
BSCQ,Invesco BulletShares 2026 Corp Bond ETF
PFFV,Global X Variable Preferred ETF
CVSB,Morgan Stanley Calvert Ultra-Short ETF
CGUI,Capital Group Ultra Short ETF
TDTT,FlexShares 3Y TIPS Fund
ICSH,iShares Ultra Short Bond ETF
MINT,PIMCO Enhanced Short Maturity ETF
BUXX,Strive Enhanced Income ETF
FTSL,First Trust Senior Loan ETF
IBDV,iShares Dec 2030 Corp ETF
USMV,iShares MSCI USA Min Vol ETF
EUSB,iShares ESG Total Bond ETF
IBDU,iShares Dec 2029 Corp ETF
CGSM,Capital Group Short Duration Muni ETF
DFSD,Dimensional Short-Duration ETF
JCPI,JPM Inflation Bond ETF
AGG,iShares Core U.S. Bond ETF
DUSB,Dimensional Ultrashort ETF
GCOR,Goldman Sachs U.S. Aggregate Bond ETF
KXI,iShares Global Staples ETF
JPLD,JPM Limited Duration Bond ETF
SPAB,SPDR Aggregate Bond ETF
FIGB,Fidelity Investment Grade Bond ETF
SCHZ,Schwab U.S. Aggregate Bond ETF
CGSD,Capital Group Short Duration ETF
EAGG,iShares ESG U.S. Bond ETF
BKAG,BNY Core Bond ETF
STOT,SSGA SPDR DoubleLine Short Duration ETF
IBTQ,iShares Trust - iShares iBonds Dec 2035 Term Treasury ETF
IBDT,iShares iBonds Dec 2028 ETF
CGW,Invesco S&P Global Water ETF
FTSM,First Trust Enhanced Short ETF
KSA,iShares MSCI Saudi ETF
PGF,Invesco FinPref ETF
EUAD,Spinnaker STOXX Europe Aerospace & Defense ETF
SCHJ,Schwab 1-5 Yr Corp Bond ETF
GSY,Invesco Ultra Short ETF
IBTP,iShares Dec 2034 Treasury ETF
JSCP,JPM Short Duration ETF
FSIG,First Trust Limited Duration Corp ETF
IBDS,iShares iBonds Dec 2027 ETF
RSPS,Invesco S&P 500 Equal Weight Staples ETF
ACWV,iShares MSCI Min Vol ETF
IAK,iShares U.S. Insurance ETF
NEAR,iShares Short Duration Bond ETF
IBMS,iShares Dec 2030 Muni Bond ETF
IBDR,iShares Dec 2026 Corporate ETF
IBTG,iShares Dec 2026 Treasury ETF
MNA,NYLI Merger ETF
LDUR,PIMCO Enhanced Low Duration ETF
BOXX,Alpha Architect 1-3 Month ETF
ISTB,iShares 1-5 Year USD Bond ETF
EMNT,PIMCO Enhanced Short Maturity ESG ETF
SPSB,SPDR Short Term Corp Bond ETF
USFR,WisdomTree Floating Rate Fund
NUBD,Nuveen ESG Bond ETF
SCHP,Schwab U.S. TIPS ETF
JPST,JPM Ultra-Short Income ETF
PBJ,Invesco Food & Beverage ETF
APCB,Pro Managers ActivePassive Bond ETF
PMMF,Blackrock ETF Trust - iShares Prime Money Market ETF
TBIL,RBB US Treasury 3M Bill ETF
EVSM,MS Eaton Vance Short Duration Muni ETF
ZTWO,RBB 2Y Corp Bond ETF
VBIL,Vanguard Institutional Index Fund - 0-3 Months Treasury Bill ETF
XHLF,BondBloxx 6M Target Duration ETF
XBIL,RBB US Treasury 6M ETF
TOTL,SSGA DoubleLine Tactical ETF
BKLN,Invesco Senior Loan ETF
VGUS,Vanguard Institutional Index Funds - Vanguard Ultra-Short Treasury ETF
BIL,SPDR 1-3 Month T-Bill ETF
FSMB,First Trust Short Duration Municipal ETF
YEAR,AB Ultra Short ETF
DBND,DoubleLine Opportunistic Bond ETF
IBTH,iShares Dec 2027 Treasury ETF
GMMF,Blackrock ETF Trust - Ishares Government Money Market ETF
OBIL,RBB US Treasury 12M ETF
SPLV,Invesco S&P 500 Low Vol ETF
SCUS,Schwab Ultra-Short ETF
XONE,BondBloxx 1Y Target Duration ETF
WEEK,Listed Funds Trust - Roundhill Weekly T-Bill ETF
TAXX,BondBloxx IR+M Short Duration ETF
PSK,SPDR ICE Preferred ETF
XTEN,BondBloxx 10Y Treasury ETF
IBMR,iShares Dec 2029 Muni Bond ETF
TAFI,AB Tax-Aware Short Municipal ETF
GVI,iShares Intermediate Bond ETF
SMB,VanEck Short Muni ETF
DAX,Global X DAX ETF
BSMR,Invesco BulletShares 2027 Muni ETF
TFLO,iShares Treasury Float ETF
TIPX,SPDR TIPS 1-10 ETF
UTEN,RBB US Treasury 10Y ETF
CLIP,Global X 1-3 Month T-Bill ETF
BSV,Vanguard Short Bond ETF
CTA,Simplify Managed Futures ETF
IBTO,iShares Dec 2033 Treasury ETF
SGOV,iShares 0-3M Treasury ETF
DFGX,Dimensional Global ex US Fixed Income ETF
BILZ,PIMCO Ultra Short Gov ETF
BILS,SPDR 3-12 Month T-Bill ETF
GBIL,Goldman Sachs Access Treasury 0-1 Year ETF
TBLL,Invesco Short Treasury ETF
SPSK,Tidal SP Funds Global Sukuk ETF
IEF,iShares 7-10 Year Treasury ETF
SHV,iShares Short Treasury ETF
ULST,SPDR SSGA Ultra Short Bond ETF
IBTM,iShares Dec 2032 Treasury ETF
IBTL,iShares Dec 2031 Treasury ETF
VGLT,Vanguard Long-Term Treasury ETF
SGVT,Schwab Strategic Trust - Schwab Government Money Market ETF
TIP,iShares TIPS ETF
SCHO,Schwab Short-Term Treasury ETF
IBTI,iShares Dec 2028 Treasury ETF
STIP,iShares 0-5 Year TIPS ETF
SPIP,SPDR TIPS ETF
SMMU,PIMCO Short Term Municipal Bond ETF
GOVT,iShares U.S. Treasury ETF
VGSH,Vanguard Short-Term Treasury ETF
SCHR,Schwab Intermediate U.S. Treasury ETF
IBTJ,iShares Dec 2029 Treasury ETF
STPZ,PIMCO 1-5 Year TIPS ETF
IBMQ,iShares Dec 2028 Muni Bond ETF
TLH,iShares 10-20 Year Treasury ETF
VTES,Vanguard Short-Term Tax-Exempt ETF
VGIT,Vanguard Intermediate Treasury ETF
AGZ,iShares Agency Bond ETF
GOVI,Invesco Equal Weight Treasury ETF
XFIV,BondBloxx 5Y Target Duration ETF
BNDW,Vanguard Total World Bond ETF
IBTK,iShares Dec 2030 Treasury ETF
SHY,iShares 1-3 Year Treasury ETF
MEAR,iShares Short Muni Bond ETF
UTWO,RBB US Treasury 2Y ETF
IEI,iShares 3-7 Year Treasury ETF
SPTS,SPDR Short Term Treasury ETF
SPTL,SPDR Long Term Treasury ETF
SHM,SPDR Nuveen Short Term Muni ETF
SPTI,SPDR Intermediate Treasury ETF
CGIB,Capital Group Intl Bond ETF (USD-Hedged)
BNDD,KraneShares Quadratic Deflation ETF
IBMP,iShares Dec 2027 Muni Bond ETF
TLT,iShares 20+ Year Treasury ETF
SCHQ,Schwab Long-Term Treasury ETF
CALI,iShares CA Short-Term Muni ETF
SUB,iShares Short-Term Muni ETF
SLDR,Global X Short-Term Treasury ETF
XTRE,BondBloxx 3Y Target Duration ETF
JMST,JPM Ultra-Short Muni ETF
IBMO,iShares Dec 2026 Muni Bond ETF
FUMB,First Trust Ultra Short Municipal ETF
UTHY,RBB 30Y Treasury ETF
KBWD,Invesco KBW High Dividend ETF
XTWY,BondBloxx 20Y Target Duration ETF
IAGG,iShares Core Int'l Bond ETF
LTPZ,PIMCO 15+ Year TIPS ETF
FLIA,Franklin Core Dividend ETF - Franklin Intl Aggregate Bond ETF
FLBL,Franklin Core Dividend ETF
BNDX,Vanguard Total Int'l Bond ETF
FXG,First Trust Consumer Staples ETF
EDV,Vanguard Extended Treasury ETF
CAOS,Alpha Architect Tail Risk ETF
FXF,Invesco Swiss Franc ETF
XHE,SPDR Health Care ETF
KIE,SPDR S&P Ins ETF
ISHG,iShares 1-3 Year Intl Treasury ETF
CLOU,Global X Cloud ETF
PICB,Invesco Int'l Corp Bond ETF
EWG,iShares MSCI Germany
DBA,Invesco DB Ag Fund
FXE,Invesco Euro Trust
KBWP,Invesco KBW P&C Insurance ETF
IBUY,Amplify Online Retail ETF
PDBA,Invesco Ag Commodity ETF
MCHI,iShares MSCI China ETF
GOVZ,iShares 25+ Year STRIPS ETF
FXB,Invesco GBP Trust
ZROZ,PIMCO 25+ Year Zero Coupon ETF
TCAL,T Rowe Price Exchange-Traded Funds Inc - Capital Appreciation Premium Income Etf
ENZL,iShares NZ ETF
FIW,First Trust Water ETF
WEAT,Teucrium Wheat ETF
UDN,Invesco DB US Dollar Bear Fund
BKF,iShares BIC ETF
CDX,Simplify High Yield Credit ETF
GOLY,Gold-Hedged Bond ETF
IGOV,iShares Int'l Treasury ETF
RUNN,Running Oak Growth ETF
GLIN,VanEck India Growth ETF
NUMG,Nuveen ESG Mid-Cap ETF
HIGH,Simplify Enhanced Income ETF can be simplified to: **Simplify Income ETF**.
PLTY,YieldMax PLTR Income ETF
TUA,Simplify Short Term Treasury ETF
HDGE,Ranger Equity Bear ETF
PHO,Invesco Water ETF
TILL,Teucrium Ag Strategy ETF
FXI,iShares China Large ETF
BWX,SPDR Int'l Treasury ETF
BUG,Global X Cyber ETF
IVOL,KraneShares Quadratic Inflation Hedge ETF
EPHE,iShares MSCI PH ETF
WOOD,iShares Global Timber ETF
PNQI,Invesco NASDAQ Internet ETF
NFTY,First Trust India NIFTY 50 ETF
PSP,Invesco Global Private Equity ETF
ARKF,ARK Fintech ETF
SMIN,iShares MSCI India Small-Cap
INCO,Columbia India Consumer ETF
GPZ,VanEck ETF Trust - Alternative Asset Manager ETF
XSW,SPDR S&P Software ETF
CORN,Teucrium Corn ETF
EPI,WisdomTree India Fund
TAIL,Cambria Tail ETF
FIAT,YieldMax COIN Income ETF
FLIN,Franklin FTSE India ETF
INDA,iShares MSCI India ETF
PBDC,Putnam BDC Income ETF
GIND,Goldman Sachs ETF Trust - Goldman Sachs India Equity ETF
PFIX,Simplify Interest Hedge ETF
FXY,Invesco Yen Trust
OGIG,O'Shares Global Internet ETF
VIXM,ProShares VIX Mid-Term ETF
BIZD,VanEck BDC Income ETF
MSFO,Tidal YieldMax MSFT ETF
WCLD,WisdomTree Cloud Fund
FBY,YieldMax META ETF
INDY,iShares India 50 ETF
IGV,iShares Tech-Software ETF
ESPO,VanEck Video Gaming ETF
YQQQ,Tidal YieldMax N100 ETF
CANE,Teucrium Sugar ETF
KTEC,KraneShares Hang Seng TECH ETF
RFIX,Simplify Exchange Traded Funds - Simplify Downside Interest Rate Hedge Strategy ETF
IMVP,Invesco India ETF
CHIQ,Global X China Consumer ETF
EMQQ,EMQQ Emerging Markets ETF
TMFM,RBB Mid-Cap Growth ETF
IHI,iShares U.S. Med Devices ETF
KWEB,KraneShares China Internet ETF
INQQ,INQQ The India Internet ETF
FINX,Global X FinTech ETF
IPAY,Amplify Digital Payments ETF
IDX,VanEck Indonesia ETF
MARO,Tidal Trust II - YieldMax MARA Option Income Strategy ETF
ETHV,VanEck ETH ETF
QETH,Invesco Ethereum ETF
NFLY,YieldMax NFLX ETF
FETH,Fidelity Ether Fund
CRPT,First Trust SkyBridge Crypto ETF
UNG,US Natural Gas ETF
EIDO,iShares MSCI Indonesia
ETH,Grayscale Ethereum Mini Trust ETF
EETH,ProShares Ether ETF
BTGD,Tidal Trust II - Bitcoin & Gold ETF
TETH,21Shares Ethereum ETF
SMCY,YieldMax SMCI ETF
EZET,Franklin Ethereum ETF
ETHW,Bitwise ETH ETF
ETHA,iShares Ethereum ETF
BTCI,NEOS Bitcoin Income ETF
ETHE,Grayscale ETH Trust
BITW,Bitwise 10 Crypto Fund
YETH,Roundhill Ether Call ETF
GDLC,Grayscale Digital Large Cap ETF
YBTC,Roundhill Bitcoin Call ETF
HODL,VanEck BTC ETF
CONY,YieldMax COIN ETF
BITB,Bitwise BTC ETF
EZBC,Franklin Bitcoin ETF
BRRR,Coinshares Valkyrie BTC Fund
ICOI,Bitwise Funds Trust - Coin Option Income Strategy ETF
BTC,Grayscale Bitcoin Mini Trust
BTCO,Invesco Bitcoin ETF
ARKB,ARK Bitcoin ETF
FBTC,Fidelity Bitcoin Fund
IBIT,iShares Bitcoin ETF
NCIQ,Hashdex Nasdaq Crypto Index US Etf
GBTC,Grayscale BTC Trust
BTAL,AGF U.S. Market Neutral Fund
BITO,ProShares Bitcoin ETF
XRPI,Volatility Shares Trust - XRP ETF
COII,REX ETF Trust - REX COIN Covered Call ETF
AIYY,YieldMax AI ETF
GSOL,Grayscale Solana Trust (SOL)
VXX,iPath S&P 500 VIX ETN
SOLZ,Volatility Shares Trust - Solana ETF
VIXY,ProShares VIX Short ETF
GLNK,Grayscale Chainlink Trust ETF
MSTY,Tidal YieldMax ETF
BITX,Volatility Shares 2x Bitcoin ETF
XRPT,Volatility Shares Trust - 2x XRP ETF
DRAM,Roundhill ETF Trust - Roundhill Memory ETF
NASA,Tema ETF Trust - Tema Space Innovators ETF
AIPO,Tidal Trust II - Defiance AI & Power Infrastructure ETF
CRCA,Proshares Trust - Proshares Ultra Crcl Etf
EUV,Corgi ETF Trust I - Lithography & Semiconductor Photonics ETF
IALT,Blackrock ETF Trust - iShares Systematic Alternatives Active ETF
RONB,Baron Etf Trust
CHPX,Global X Funds - Global X AI Semiconductor & Quantum ETF
WQTM,Wisdomtree Trust - Quantum Computing Fund
AKRE,Professionally Managed Portfolios - Akre Focus Fund
ETHB,iShares Staked Ethereum Trust ETF
ONDL,Tidal Trust II - Defiance Daily Target 2X Long ONDS ETF
BSOL,Bitwise Solana Etf
ACYN,First Trust Exchange-Traded Fund - Vest Laddered Auto-Call Barrier and Income ETF
XRP,Bitwise XRP ETF
THYP,21Shares Hyperliquid ETF
JMTG,J P Morgan Exchange-Traded Fund Trust - Mortgage Backed Secs ETF
ROCQ,J.P. Morgan Exchange-Traded Fund Trust - JPMorgan Nasdaq Equity Premium Yield ETF
TDAQ,ETF Opportunities Trust - TappAlpha Innovation 100 Growth & Daily Income ETF
TCAI,Tortoise Capital Series Trust - Tortoise AI Infrastructure ETF
MARS,Roundhill ETF Trust - Roundhill Space & Technology ETF
XAGG,Morgan Stanley ETF Trust - Eaton Vance Strategic Income Opportunities ETF
JEDI,Etf Series Solutions - Defiance Drone and Modern Warfare Etf
DVXK,WEBs ETF Trust - Webs Defined Volatility XLK ETF
BLOX,Tidal Trust II - Nicholas Crypto Income ETF
ARMW,Roundhill ETF Trust - Roundhill ARM WeeklyPay ETF
CAIE,Calamos ETF Trust - Calamos [US Equity Autocallable Income] ETF
ROCY,J.P. Morgan Exchange-Traded Fund Trust - JPMorgan Equity Premium Yield ETF
GGOV,Blackrock ETF Trust II - iShares Global Government Bond USD Hedged Active ETF
VUSG,Vanguard Wellesley Income Fund - Vanguard Wellington U.S. Growth Active ETF
XSPI,NEOS ETF Trust - Boosted S&P 500 High Income Etf
FRWD,Macquarie ETF Trust - Transformation Technologies ETF
RACK,VanEck ETF Trust - VanEck Data Center Supply Chain ETF
QTUP,TIDAL TRUST II - Defiance Long Pure Quantum ETF
NIHI,NEOS ETF Trust - NEOS MSCI EAFE High Income ETF
FSOL,Fidelity Solana Fund
QLDY,Tidal Trust II - Defiance Nasdaq 100 LightningSpread Income ETF
TAXI,Northern Funds - Northern Trust Intermediate Tax-Exempt Bond ETF
XRPC,Canary XRP ETF
FITZ,Tidal ETF Trust II - Fitz-Gerald Must Have Port ETF
METL,Sprott Funds Trust - Active Metals and Miners ETF
CHYG,Corgi Etf Trust I - Corgi 0-5 Year High Yield Corporate Bond ETF
BDYN,Blackrock ETF Trust - iShares Dynamic Equity Active ETF
RSIT,Tidal Trust II - Return Stacked International Stocks & Managed Futures ETF
LNGX,Global X Funds - Us Natural Gas ETF
TOPW,Roundhill Etf Trust - Weeklypay Universe Etf
NEHI,NEOS ETF Trust - Ethereum High Income ETF
SBIL,Simplify Exchange Traded Funds - Simplify Government Money Market ETF
DRNZ,REX ETF Trust - REX Drone ETF
CTAP,Simplify Exchange Traded Funds - Simplify US Equity PLUS Managed Futures Strategy ETF
HUMN,Roundhill ETF Trust - Roundhill Humanoid Robotics ETF
KSLV,Kurv ETF Trust - Kurv Silver Enhanced Income ETF
MEME,Roundhill ETF Trust - Roundhill Daily 2X Long China Dragons ETF
VGHY,Vanguard Fixed Income Securities Funds - Vanguard High-Yield Active ETF
CQTM,Corgi Etf Trust I - Quantum Computing Etf
SGRT,Tidal Trust I - Smart Earnings Growth 30 Etf
SPCI,ETF Opportunities Trust - Tuttle Capital Space Industry Income Blast ETF
REXC,Sprott Funds Trust - Sprott Rare Earths Ex-China ETF
VEXC,Vanguard World Fund - Emerging Markets Ex-China ETF
BCTK,Baron ETF Trust - Baron Technology ETF
VTG,Vanguard Malvern Funds - Vanguard Total Treasury ETF
KGLD,Kurv ETF Trust - Kurv Gold Enhanced Income ETF
BDVL,Blackrock ETF Trust - Disciplined Volatility Equity Active ETF
GXPT,Global X Funds - Global X PureCap MSCI Information Technology ETF
WRTH,Tidal Trust III - Worth Charting Options Income ETF
HBR,Canary Hbar Etf
CIEI,Corgi Etf Trust I - 3-7 Yr Treasury Bond Etf
CRCO,Tidal Trust II - YieldMax CRCL Option Income Strategy ETF
WAGN,Professionally Managed Portfolios - Pabrai Wagons Fund
JOUL,Corgi ETF Trust I - High Voltage Grid Equipment 2x Daily ETF
KEEX,Tidal Trust II - Defiance Daily Target 2X Long BITF ETF
JFLX,J P Morgan Exchange Traded Fund Trust - Flexible Debt ETF
TLTX,Global X Funds - Global X Treasury Bond Enhanced Income ETF
CUST,Corgi Etf Trust I - 1-3 Yr Treas Bd Etf
FTNY,Putnam ETF Trust - Putnam Franklin New York Municipal Income ETF
FIXT,Tcw Etf Trust - Core Plus Bond ETF
CAIQ,Calamos ETF Trust - Calamos Nasdaq Autocallable Income ETF
FTMU,Putnam ETF Trust - Putnam Franklin Municipal Income ETF
HECA,ETF Opportunities Trust - Hedgeye Capital Allocation ETF
ULTI,REX ETF Trust - REX IncomeMax Option Strategy ETF
RCTR,First Trust Exchange-Traded Fund II - First Trust Bloomberg Nuclear Power ETF
LOHA,Roundhill ETF Trust - Roundhill HALO ETF
GXPC,Global X Funds - Global X PureCap MSCI Communication Services ETF
VTP,Vanguard Malvern Funds - Vanguard Total Inflation-Protected Securities ETF
SLJY,Amplify ETF Trust - Amplify SILJ Covered Call ETF
XLEI,The Select Sector SPDR Trust - The Energy Select Sector SPDR Premium Income Fund
CAGE,Calamos ETF Trust - Calamos Autocallable Growth ETF
VBCA,Vanguard Wellesley Income Fund - Vanguard Target Maturity 2027 Corporate Bond ETF
FB,ProShares Trust - S&P 500 Dynamic Daily Buffer ETF
EYES,Corgi ETF Trust I - Data & Surveillance ETF
GQGU,The Advisors Inner Circle Fund Iii - Gqg Us Equity Etf
TAXS,Northern Funds - Northern Trust Short-Term Tax-Exempt Bond ETF
QVOL,Series Portfolios Trust - Infrastructure Capital Nasdaq Option Income ETF
MMK,State Street Institutional Investment Trust - Prime Money Market ETF
NTSD,Wisdomtree Trust - Wisdomtree Efficient U.s. Plus International Equity Fund
ACYS,First Trust Exchange-Traded Fund - FT Vest Laddered Autocallable Barrier & Resilient Income ETF
RDYY,Tidal Tr II - Yieldmax Rddt Option Income Strategy ETF
BMOP,Bny Mellon Etf Trust II - BNY Mellon Municipal Opportunities ETF
TRUT,Vaneck ETF Trust - Technology Trusector ETF
POW,Tidal Trust III - VistaShares Electrification Supercycle ETF
EMKT,Lazard Active ETF Trust - Lazard Emerging Markets Opportunities ETF
BRIE,MFS Active Exchange Traded Funds Trust - MFS Blended Research International Equity ETF
FTNJ,Putnam ETF Trust - Putnam Franklin New Jersey Municipal Income ETF
CGVV,Capital Group Equity ETF Trust I - Capital Group U.S. Large Value ETF
WDRN,WisdomTree Trust - WisdomTree Physical AI Humanoids and Drones Fund
LEND,SEI Exchange Traded Funds - High Yield Bond and Alternative Credit ETF
HIYY,Tidal Tr II - Yieldmax Hims Option Income Strategy ETF
PBEU,Tidal Trust IV - Portfolio Building Block European Banks Index ETF
GASZ,Corgi ETF Trust I - Natural Gas Power & Turbines 2x Daily ETF
GBND,Goldman Sachs ETF Trust - Goldman Sachs Core Bond ETF
PBPH,Tidal Trust IV - Portfolio Building Block World Pharma and Biotech Index ETF
ASCE,Allspring Exchange-Traded Funds Trust - Allspring SMID Core ETF
EVMO,Morgan Stanley Etf Trust - Eaton vance mortgage Opportunities ETF
WDEF,Wisdomtree Trust - Europe Defense Fund
BINT,Exchange Traded Concepts Trust - Bluemonte Global Equity ETF
GXRP,Grayscale XRP Trust (XRP)
BGGG,Baillie Gifford ETF Trust - Baillie Gifford Long Term Global Growth ETF
TGLR,Wedbush Series Trust - Wedbush LAFFER|TENGLER New Era Value ETF
SSK,ETF Opportunities Trust - REX-Osprey SOL + Staking ETF
EDGQ,Global X Funds - Global X Nasdaq-100 Income Edge ETF
BAIV,Advisors Inner Circle Fund III - Brown Advisory International Value Select ETF
ATCL,REX ETF Trust - REX Autocallable Income ETF
CRUX,Columbia ETF Trust I - Columbia Core Bond ETF
XLUI,The Select Sector SPDR Trust - The Utilities Select Sector SPDR Premium Income Fund
EMOP,AB Active ETFs Inc. - AB Emerging Markets Opportunities ETF
SPLS,PIMCO ETF Trust - PIMCO US Stocks PLUS Active Bond Exchange Traded Fund
IBCB,iShares Trust - iShares iBonds Dec 2036 Term Corporate ETF
PCPP,ETF Opportunities Trust - Porter & Company Permanent Portfolio Index ETF
WCPB,Northern Lights Fund Trust II - Weitz Core Plus Bond ETF
TMLP,Tortoise Capital Series Trust - Mlp ETF
DSCO,Doubleline Etf Trust - Securitized Credit Etf
CIVG,Corgi ETF Trust I - Corgi 1-5 Year Investment Grade Corporate Bond ETF
BDBT,Exchange Traded Concepts Trust - Bluemonte Core Bond ETF
EZRO,Listed Funds Trust - Alphadroid Defensive Sector Rotation ETF
FTMH,Putnam ETF Trust - Putnam Franklin Municipal High Yield ETF
XLVI,The Select Sector SPDR Trust - The Health Care Select Sector SPDR Premium Income Fund
VSOL,Vaneck Solana Trust
EDGX,Global X Funds - Global X U.S. 500 Income Edge ETF
ACII,Innovator ETFs Trust - Innovator Index Autocallable Income Strategy ETF
PAYM,Elevation Series Trust - TrueShares S&P Autocallable Defensive Income ETF
VDIG,Vanguard Wellesley Income Fund - Vanguard Wellington Dividend Growth Active ETF
MNVT,EA Series Trust - Moonvest ETF
XDIV,Roundhill ETF Trust - Roundhill S&P 500 No Dividend Target ETF
JOYT,J.P. Morgan Exchange-Traded Fund Trust - JPMorgan Equity and Options Total Return ETF
GDT,WisdomTree Trust - WisdomTree Efficient TIPS Plus Gold Fund
VBCC,Vanguard Wellesley Income Fund - Vanguard Target Maturity 2029 Corporate Bond ETF
BLUX,Exchange Traded Concepts Trust - Bluemonte Dynamic Total Market ETF
SLTY,Tidal Trust II - YieldMax Ultra Short Option Income Strategy ETF
FTMA,Putnam ETF Trust - Putnam Franklin Mass Municipal Income ETF
DDTN,Innovator ETFs Trust - Innovator Equity Dual Directional 10 Buffer ETF - November
RJDI,Carillon Series Trust - RJ Eagle GCM Dividend Select Income ETF
JHAI,Janus Detroit Street Trust - Janus Henderson Global Artificial Intelligence ETF
DVXP,WEBs ETF Trust - Webs Defined Volatility XLP ETF
GXPD,Global X Funds - Global X PureCap MSCI Consumer Discretionary ETF
EZMO,Listed Funds Trust - Alphadroid Broad Markets Momentum ETF
JDVL,John Hancock Exchange Traded Fund Trust - Discipline Value Select ETF
NVIT,Tidal Trust II - Yieldmax NVDA Performance And Income Target 25 ETF
TEND,iShares Trust - iShares Large Cap 10% Target Buffer Dec ETF
CBTO,Calamos ETF Trust - Bitcoin 80 Series Structured Alt Protection ETF - October
GLDW,Roundhill ETF Trust - Roundhill Gold WeeklyPay ETF
VBCB,Vanguard Wellesley Income Fund - Vanguard Target Maturity 2028 Corporate Bond ETF
